INSERT INTO Host (host_id, email_address) VALUES (1, 'host1@luxrent.example');
INSERT INTO Host (host_id, email_address) VALUES (2, 'host2@luxrent.example');
INSERT INTO Host (host_id, email_address) VALUES (3, 'host3@luxrent.example');
INSERT INTO Host (host_id, email_address) VALUES (4, 'host4@luxrent.example');
INSERT INTO Host (host_id, email_address) VALUES (5, 'host5@luxrent.example');
INSERT INTO Host (host_id, email_address) VALUES (6, 'host6@luxrent.example');
INSERT INTO Property (property_id, host_id, num_bedroom, num_bathroom, capacity, address) VALUES (100, 1, 2, 2, 2, '294 Example St, Unit 22');
INSERT INTO Property (property_id, host_id, num_bedroom, num_bathroom, capacity, address) VALUES (101, 1, 5, 2, 7, '201 Example St, Unit 42');
INSERT INTO Property (property_id, host_id, num_bedroom, num_bathroom, capacity, address) VALUES (102, 1, 4, 2, 8, '785 Example St, Unit 12');
INSERT INTO Property (property_id, host_id, num_bedroom, num_bathroom, capacity, address) VALUES (103, 1, 2, 3, 6, '450 Example St, Unit 11');
INSERT INTO Property (property_id, host_id, num_bedroom, num_bathroom, capacity, address) VALUES (104, 1, 6, 3, 7, '794 Example St, Unit 33');
INSERT INTO Property (property_id, host_id, num_bedroom, num_bathroom, capacity, address) VALUES (105, 1, 2, 3, 2, '669 Example St, Unit 10');
INSERT INTO Property (property_id, host_id, num_bedroom, num_bathroom, capacity, address) VALUES (106, 2, 5, 1, 9, '812 Example St, Unit 1');
INSERT INTO Property (property_id, host_id, num_bedroom, num_bathroom, capacity, address) VALUES (107, 2, 4, 1, 7, '526 Example St, Unit 12');
INSERT INTO Property (property_id, host_id, num_bedroom, num_bathroom, capacity, address) VALUES (108, 2, 6, 5, 7, '523 Example St, Unit 33');
INSERT INTO Property (property_id, host_id, num_bedroom, num_bathroom, capacity, address) VALUES (109, 2, 5, 2, 6, '643 Example St, Unit 15');
INSERT INTO Property (property_id, host_id, num_bedroom, num_bathroom, capacity, address) VALUES (110, 2, 5, 1, 5, '259 Example St, Unit 24');
INSERT INTO Property (property_id, host_id, num_bedroom, num_bathroom, capacity, address) VALUES (111, 2, 6, 4, 9, '151 Example St, Unit 17');
INSERT INTO Property (property_id, host_id, num_bedroom, num_bathroom, capacity, address) VALUES (112, 3, 6, 1, 6, '213 Example St, Unit 39');
INSERT INTO Property (property_id, host_id, num_bedroom, num_bathroom, capacity, address) VALUES (113, 3, 3, 4, 3, '731 Example St, Unit 20');
INSERT INTO Property (property_id, host_id, num_bedroom, num_bathroom, capacity, address) VALUES (114, 3, 3, 2, 5, '534 Example St, Unit 13');
INSERT INTO Property (property_id, host_id, num_bedroom, num_bathroom, capacity, address) VALUES (115, 3, 1, 4, 2, '692 Example St, Unit 14');
INSERT INTO Property (property_id, host_id, num_bedroom, num_bathroom, capacity, address) VALUES (116, 4, 5, 1, 9, '255 Example St, Unit 38');
INSERT INTO Property (property_id, host_id, num_bedroom, num_bathroom, capacity, address) VALUES (117, 4, 1, 4, 3, '790 Example St, Unit 35');
INSERT INTO Property (property_id, host_id, num_bedroom, num_bathroom, capacity, address) VALUES (118, 4, 4, 5, 8, '158 Example St, Unit 37');
INSERT INTO Property (property_id, host_id, num_bedroom, num_bathroom, capacity, address) VALUES (119, 4, 5, 1, 8, '611 Example St, Unit 31');
INSERT INTO Property (property_id, host_id, num_bedroom, num_bathroom, capacity, address) VALUES (120, 5, 5, 2, 8, '284 Example St, Unit 14');
INSERT INTO Property (property_id, host_id, num_bedroom, num_bathroom, capacity, address) VALUES (121, 5, 1, 1, 3, '680 Example St, Unit 16');
INSERT INTO Property (property_id, host_id, num_bedroom, num_bathroom, capacity, address) VALUES (122, 6, 6, 4, 10, '211 Example St, Unit 34');
INSERT INTO Property (property_id, host_id, num_bedroom, num_bathroom, capacity, address) VALUES (123, 6, 2, 4, 4, '534 Example St, Unit 37');
INSERT INTO Luxuries (property_id, hot_tub, sauna, laundry, daily_cleaning, daily_breakfast, concierge) VALUES (100, FALSE, TRUE, FALSE, FALSE, TRUE, FALSE);
INSERT INTO Luxuries (property_id, hot_tub, sauna, laundry, daily_cleaning, daily_breakfast, concierge) VALUES (101, FALSE, TRUE, TRUE, FALSE, TRUE, FALSE);
INSERT INTO Luxuries (property_id, hot_tub, sauna, laundry, daily_cleaning, daily_breakfast, concierge) VALUES (102, FALSE, FALSE, TRUE, TRUE, TRUE, FALSE);
INSERT INTO Luxuries (property_id, hot_tub, sauna, laundry, daily_cleaning, daily_breakfast, concierge) VALUES (103, FALSE, FALSE, TRUE, TRUE, TRUE, FALSE);
INSERT INTO Luxuries (property_id, hot_tub, sauna, laundry, daily_cleaning, daily_breakfast, concierge) VALUES (104, TRUE, FALSE, TRUE, TRUE, FALSE, FALSE);
INSERT INTO Luxuries (property_id, hot_tub, sauna, laundry, daily_cleaning, daily_breakfast, concierge) VALUES (105, TRUE, FALSE, TRUE, FALSE, TRUE, TRUE);
INSERT INTO Luxuries (property_id, hot_tub, sauna, laundry, daily_cleaning, daily_breakfast, concierge) VALUES (106, TRUE, TRUE, FALSE, TRUE, TRUE, FALSE);
INSERT INTO Luxuries (property_id, hot_tub, sauna, laundry, daily_cleaning, daily_breakfast, concierge) VALUES (107, TRUE, TRUE, TRUE, FALSE, FALSE, TRUE);
INSERT INTO Luxuries (property_id, hot_tub, sauna, laundry, daily_cleaning, daily_breakfast, concierge) VALUES (108, FALSE, FALSE, TRUE, TRUE, FALSE, TRUE);
INSERT INTO Luxuries (property_id, hot_tub, sauna, laundry, daily_cleaning, daily_breakfast, concierge) VALUES (109, FALSE, FALSE, TRUE, TRUE, FALSE, FALSE);
INSERT INTO Luxuries (property_id, hot_tub, sauna, laundry, daily_cleaning, daily_breakfast, concierge) VALUES (110, TRUE, FALSE, FALSE, FALSE, FALSE, FALSE);
INSERT INTO Luxuries (property_id, hot_tub, sauna, laundry, daily_cleaning, daily_breakfast, concierge) VALUES (111, FALSE, TRUE, TRUE, FALSE, TRUE, TRUE);
INSERT INTO Luxuries (property_id, hot_tub, sauna, laundry, daily_cleaning, daily_breakfast, concierge) VALUES (112, TRUE, FALSE, FALSE, TRUE, FALSE, FALSE);
INSERT INTO Luxuries (property_id, hot_tub, sauna, laundry, daily_cleaning, daily_breakfast, concierge) VALUES (113, FALSE, TRUE, FALSE, TRUE, TRUE, TRUE);
INSERT INTO Luxuries (property_id, hot_tub, sauna, laundry, daily_cleaning, daily_breakfast, concierge) VALUES (114, TRUE, TRUE, TRUE, TRUE, FALSE, FALSE);
INSERT INTO Luxuries (property_id, hot_tub, sauna, laundry, daily_cleaning, daily_breakfast, concierge) VALUES (115, FALSE, FALSE, TRUE, FALSE, TRUE, TRUE);
INSERT INTO Luxuries (property_id, hot_tub, sauna, laundry, daily_cleaning, daily_breakfast, concierge) VALUES (116, FALSE, TRUE, FALSE, FALSE, FALSE, TRUE);
INSERT INTO Luxuries (property_id, hot_tub, sauna, laundry, daily_cleaning, daily_breakfast, concierge) VALUES (117, TRUE, FALSE, FALSE, FALSE, TRUE, FALSE);
INSERT INTO Luxuries (property_id, hot_tub, sauna, laundry, daily_cleaning, daily_breakfast, concierge) VALUES (118, TRUE, FALSE, TRUE, TRUE, TRUE, TRUE);
INSERT INTO Luxuries (property_id, hot_tub, sauna, laundry, daily_cleaning, daily_breakfast, concierge) VALUES (119, TRUE, FALSE, TRUE, TRUE, FALSE, TRUE);
INSERT INTO Luxuries (property_id, hot_tub, sauna, laundry, daily_cleaning, daily_breakfast, concierge) VALUES (120, TRUE, TRUE, FALSE, TRUE, TRUE, TRUE);
INSERT INTO Luxuries (property_id, hot_tub, sauna, laundry, daily_cleaning, daily_breakfast, concierge) VALUES (121, TRUE, FALSE, TRUE, FALSE, FALSE, FALSE);
INSERT INTO Luxuries (property_id, hot_tub, sauna, laundry, daily_cleaning, daily_breakfast, concierge) VALUES (122, TRUE, FALSE, TRUE, FALSE, FALSE, TRUE);
INSERT INTO Luxuries (property_id, hot_tub, sauna, laundry, daily_cleaning, daily_breakfast, concierge) VALUES (123, TRUE, TRUE, TRUE, FALSE, FALSE, TRUE);
INSERT INTO Prices (property_id, rates) VALUES (100, 917.62);
INSERT INTO Prices (property_id, rates) VALUES (101, 5016.34);
INSERT INTO Prices (property_id, rates) VALUES (102, 5914.79);
INSERT INTO Prices (property_id, rates) VALUES (103, 1300.67);
INSERT INTO Prices (property_id, rates) VALUES (104, 4837.14);
INSERT INTO Prices (property_id, rates) VALUES (105, 1734.07);
INSERT INTO Prices (property_id, rates) VALUES (106, 3476.35);
INSERT INTO Prices (property_id, rates) VALUES (107, 2913.35);
INSERT INTO Prices (property_id, rates) VALUES (108, 4103.53);
INSERT INTO Prices (property_id, rates) VALUES (109, 1124.6);
INSERT INTO Prices (property_id, rates) VALUES (110, 3190.77);
INSERT INTO Prices (property_id, rates) VALUES (111, 4348.34);
INSERT INTO Prices (property_id, rates) VALUES (112, 1963.62);
INSERT INTO Prices (property_id, rates) VALUES (113, 1628.51);
INSERT INTO Prices (property_id, rates) VALUES (114, 2528.68);
INSERT INTO Prices (property_id, rates) VALUES (115, 1379.33);
INSERT INTO Prices (property_id, rates) VALUES (116, 2795.93);
INSERT INTO Prices (property_id, rates) VALUES (117, 2497.43);
INSERT INTO Prices (property_id, rates) VALUES (118, 5694.38);
INSERT INTO Prices (property_id, rates) VALUES (119, 2854.32);
INSERT INTO Prices (property_id, rates) VALUES (120, 4899.93);
INSERT INTO Prices (property_id, rates) VALUES (121, 4282.15);
INSERT INTO Prices (property_id, rates) VALUES (122, 3049.7);
INSERT INTO Prices (property_id, rates) VALUES (123, 4108.48);
INSERT INTO CityType (property_id, transit, walkability_score) VALUES (101, 'bus', 15);
INSERT INTO CityType (property_id, transit, walkability_score) VALUES (102, 'bus', 19);
INSERT INTO CityType (property_id, transit, walkability_score) VALUES (104, 'LRT', 70);
INSERT INTO CityType (property_id, transit, walkability_score) VALUES (105, 'LRT', 19);
INSERT INTO CityType (property_id, transit, walkability_score) VALUES (107, 'bus', 73);
INSERT INTO CityType (property_id, transit, walkability_score) VALUES (109, 'subway', 68);
INSERT INTO CityType (property_id, transit, walkability_score) VALUES (112, 'LRT', 92);
INSERT INTO CityType (property_id, transit, walkability_score) VALUES (114, 'bus', 30);
INSERT INTO CityType (property_id, transit, walkability_score) VALUES (117, 'LRT', 16);
INSERT INTO CityType (property_id, transit, walkability_score) VALUES (120, 'bus', 71);
INSERT INTO WaterType (property_id, water_type, lifeguard) VALUES (100, 'pool', TRUE);
INSERT INTO WaterType (property_id, water_type, lifeguard) VALUES (103, 'beach', TRUE);
INSERT INTO WaterType (property_id, water_type, lifeguard) VALUES (110, 'lake', FALSE);
INSERT INTO WaterType (property_id, water_type, lifeguard) VALUES (115, 'beach', FALSE);
INSERT INTO WaterType (property_id, water_type, lifeguard) VALUES (118, 'lake', TRUE);
INSERT INTO WaterType (property_id, water_type, lifeguard) VALUES (121, 'pool', TRUE);
INSERT INTO WaterType (property_id, water_type, lifeguard) VALUES (122, 'beach', FALSE);
INSERT INTO WaterType (property_id, water_type, lifeguard) VALUES (123, 'pool', FALSE);
INSERT INTO Guest (guest_id, guest_name, address, birth_date) VALUES (5000, 'Alex Scott', '590 Guest Rd', TIMESTAMP '1981-12-21 12:00:00');
INSERT INTO Guest (guest_id, guest_name, address, birth_date) VALUES (5001, 'Riley Scott', '740 Guest Rd', TIMESTAMP '1979-01-24 12:00:00');
INSERT INTO Guest (guest_id, guest_name, address, birth_date) VALUES (5002, 'Cameron Davis', '320 Guest Rd', TIMESTAMP '1995-05-08 12:00:00');
INSERT INTO Guest (guest_id, guest_name, address, birth_date) VALUES (5003, 'Jordan Rivera', '912 Guest Rd', TIMESTAMP '1973-05-18 12:00:00');
INSERT INTO Guest (guest_id, guest_name, address, birth_date) VALUES (5004, 'Alex Lee', '254 Guest Rd', TIMESTAMP '1996-10-26 12:00:00');
INSERT INTO Guest (guest_id, guest_name, address, birth_date) VALUES (5005, 'Zoe Scott', '236 Guest Rd', TIMESTAMP '1981-04-05 12:00:00');
INSERT INTO Guest (guest_id, guest_name, address, birth_date) VALUES (5006, 'Sasha Harris', '737 Guest Rd', TIMESTAMP '1979-09-10 12:00:00');
INSERT INTO Guest (guest_id, guest_name, address, birth_date) VALUES (5007, 'Alex Hernandez', '539 Guest Rd', TIMESTAMP '1985-11-19 12:00:00');
INSERT INTO Guest (guest_id, guest_name, address, birth_date) VALUES (5008, 'Cameron Scott', '761 Guest Rd', TIMESTAMP '2000-12-22 12:00:00');
INSERT INTO Guest (guest_id, guest_name, address, birth_date) VALUES (5009, 'Noa Wilson', '684 Guest Rd', TIMESTAMP '1995-05-17 12:00:00');
INSERT INTO Guest (guest_id, guest_name, address, birth_date) VALUES (5010, 'Shawn Jackson', '174 Guest Rd', TIMESTAMP '2002-08-28 12:00:00');
INSERT INTO Guest (guest_id, guest_name, address, birth_date) VALUES (5011, 'Adrian Anderson', '764 Guest Rd', TIMESTAMP '1970-07-02 12:00:00');
INSERT INTO Guest (guest_id, guest_name, address, birth_date) VALUES (5012, 'Adrian Garcia', '850 Guest Rd', TIMESTAMP '1967-05-22 12:00:00');
INSERT INTO Guest (guest_id, guest_name, address, birth_date) VALUES (5013, 'Dana Baker', '522 Guest Rd', TIMESTAMP '2006-07-16 12:00:00');
INSERT INTO Guest (guest_id, guest_name, address, birth_date) VALUES (5014, 'Jordan Lopez', '804 Guest Rd', TIMESTAMP '2001-02-24 12:00:00');
INSERT INTO Guest (guest_id, guest_name, address, birth_date) VALUES (5015, 'Quinn Chen', '735 Guest Rd', TIMESTAMP '1960-08-05 12:00:00');
INSERT INTO Guest (guest_id, guest_name, address, birth_date) VALUES (5016, 'Emerson Lee', '464 Guest Rd', TIMESTAMP '1970-11-09 12:00:00');
INSERT INTO Guest (guest_id, guest_name, address, birth_date) VALUES (5017, 'Zoe Smith', '496 Guest Rd', TIMESTAMP '1970-05-11 12:00:00');
INSERT INTO Guest (guest_id, guest_name, address, birth_date) VALUES (5018, 'Emerson Harris', '423 Guest Rd', TIMESTAMP '1987-01-12 12:00:00');
INSERT INTO Guest (guest_id, guest_name, address, birth_date) VALUES (5019, 'Jamie Allen', '714 Guest Rd', TIMESTAMP '1989-01-12 12:00:00');
INSERT INTO Guest (guest_id, guest_name, address, birth_date) VALUES (5020, 'Finley Lopez', '609 Guest Rd', TIMESTAMP '1968-10-25 12:00:00');
INSERT INTO Guest (guest_id, guest_name, address, birth_date) VALUES (5021, 'Milan Davis', '984 Guest Rd', TIMESTAMP '2004-10-27 12:00:00');
INSERT INTO Guest (guest_id, guest_name, address, birth_date) VALUES (5022, 'Theo Brown', '915 Guest Rd', TIMESTAMP '1995-03-16 12:00:00');
INSERT INTO Guest (guest_id, guest_name, address, birth_date) VALUES (5023, 'Harper Allen', '111 Guest Rd', TIMESTAMP '1989-06-08 12:00:00');
INSERT INTO Guest (guest_id, guest_name, address, birth_date) VALUES (5024, 'Quinn Anderson', '330 Guest Rd', TIMESTAMP '1999-09-11 12:00:00');
INSERT INTO Guest (guest_id, guest_name, address, birth_date) VALUES (5025, 'Rowan Brown', '947 Guest Rd', TIMESTAMP '1998-04-14 12:00:00');
INSERT INTO Guest (guest_id, guest_name, address, birth_date) VALUES (5026, 'Dana Rivera', '199 Guest Rd', TIMESTAMP '1969-03-18 12:00:00');
INSERT INTO Guest (guest_id, guest_name, address, birth_date) VALUES (5027, 'Sam Wright', '824 Guest Rd', TIMESTAMP '2003-02-25 12:00:00');
INSERT INTO Guest (guest_id, guest_name, address, birth_date) VALUES (5028, 'Cameron Smith', '479 Guest Rd', TIMESTAMP '1964-04-22 12:00:00');
INSERT INTO Guest (guest_id, guest_name, address, birth_date) VALUES (5029, 'Riley Lee', '197 Guest Rd', TIMESTAMP '1981-05-19 12:00:00');
INSERT INTO Guest (guest_id, guest_name, address, birth_date) VALUES (5030, 'Jamie Walker', '651 Guest Rd', TIMESTAMP '1999-05-20 12:00:00');
INSERT INTO Guest (guest_id, guest_name, address, birth_date) VALUES (5031, 'Skyler Brown', '455 Guest Rd', TIMESTAMP '1980-07-01 12:00:00');
INSERT INTO Guest (guest_id, guest_name, address, birth_date) VALUES (5032, 'Skyler Garcia', '702 Guest Rd', TIMESTAMP '1988-08-21 12:00:00');
INSERT INTO Guest (guest_id, guest_name, address, birth_date) VALUES (5033, 'Dana Chen', '361 Guest Rd', TIMESTAMP '1966-03-22 12:00:00');
INSERT INTO Guest (guest_id, guest_name, address, birth_date) VALUES (5034, 'Shawn Young', '162 Guest Rd', TIMESTAMP '1992-03-05 12:00:00');
INSERT INTO Guest (guest_id, guest_name, address, birth_date) VALUES (5035, 'Reese Hernandez', '818 Guest Rd', TIMESTAMP '1977-04-28 12:00:00');
INSERT INTO Guest (guest_id, guest_name, address, birth_date) VALUES (5036, 'Avery Rivera', '467 Guest Rd', TIMESTAMP '1963-02-23 12:00:00');
INSERT INTO Guest (guest_id, guest_name, address, birth_date) VALUES (5037, 'Zoe Smith', '911 Guest Rd', TIMESTAMP '2007-04-23 12:00:00');
INSERT INTO Guest (guest_id, guest_name, address, birth_date) VALUES (5038, 'Sam Scott', '943 Guest Rd', TIMESTAMP '1968-01-02 12:00:00');
INSERT INTO Guest (guest_id, guest_name, address, birth_date) VALUES (5039, 'Morgan Lopez', '534 Guest Rd', TIMESTAMP '1997-07-01 12:00:00');
INSERT INTO Guest (guest_id, guest_name, address, birth_date) VALUES (5040, 'Casey Smith', '788 Guest Rd', TIMESTAMP '1992-09-05 12:00:00');
INSERT INTO Guest (guest_id, guest_name, address, birth_date) VALUES (5041, 'Rowan Torres', '207 Guest Rd', TIMESTAMP '1982-12-03 12:00:00');
INSERT INTO Guest (guest_id, guest_name, address, birth_date) VALUES (5042, 'Kai Smith', '122 Guest Rd', TIMESTAMP '1964-06-05 12:00:00');
INSERT INTO Guest (guest_id, guest_name, address, birth_date) VALUES (5043, 'Zoe Davis', '450 Guest Rd', TIMESTAMP '1973-05-07 12:00:00');
INSERT INTO Guest (guest_id, guest_name, address, birth_date) VALUES (5044, 'Parker Martinez', '515 Guest Rd', TIMESTAMP '1964-06-06 12:00:00');
INSERT INTO Guest (guest_id, guest_name, address, birth_date) VALUES (5045, 'Avery Anderson', '665 Guest Rd', TIMESTAMP '1970-09-23 12:00:00');
INSERT INTO Guest (guest_id, guest_name, address, birth_date) VALUES (5046, 'Morgan Lopez', '125 Guest Rd', TIMESTAMP '1988-03-09 12:00:00');
INSERT INTO Guest (guest_id, guest_name, address, birth_date) VALUES (5047, 'Morgan Wright', '800 Guest Rd', TIMESTAMP '1969-09-24 12:00:00');
INSERT INTO Guest (guest_id, guest_name, address, birth_date) VALUES (5048, 'Elliot Patel', '808 Guest Rd', TIMESTAMP '1976-05-23 12:00:00');
INSERT INTO Guest (guest_id, guest_name, address, birth_date) VALUES (5049, 'Alex Thomas', '678 Guest Rd', TIMESTAMP '1983-12-13 12:00:00');
INSERT INTO Guest (guest_id, guest_name, address, birth_date) VALUES (5050, 'Parker Hernandez', '485 Guest Rd', TIMESTAMP '1966-02-21 12:00:00');
INSERT INTO Guest (guest_id, guest_name, address, birth_date) VALUES (5051, 'Parker Nguyen', '575 Guest Rd', TIMESTAMP '1992-03-03 12:00:00');
INSERT INTO Guest (guest_id, guest_name, address, birth_date) VALUES (5052, 'Finley Torres', '700 Guest Rd', TIMESTAMP '1966-02-14 12:00:00');
INSERT INTO Guest (guest_id, guest_name, address, birth_date) VALUES (5053, 'Morgan Wright', '836 Guest Rd', TIMESTAMP '1962-08-21 12:00:00');
INSERT INTO Guest (guest_id, guest_name, address, birth_date) VALUES (5054, 'Taylor Lopez', '364 Guest Rd', TIMESTAMP '1978-03-17 12:00:00');
INSERT INTO Guest (guest_id, guest_name, address, birth_date) VALUES (5055, 'Reese Chen', '925 Guest Rd', TIMESTAMP '2007-03-21 12:00:00');
INSERT INTO Guest (guest_id, guest_name, address, birth_date) VALUES (5056, 'Taylor Gonzalez', '250 Guest Rd', TIMESTAMP '1977-04-26 12:00:00');
INSERT INTO Guest (guest_id, guest_name, address, birth_date) VALUES (5057, 'Taylor Young', '421 Guest Rd', TIMESTAMP '2002-07-18 12:00:00');
INSERT INTO Guest (guest_id, guest_name, address, birth_date) VALUES (5058, 'Noa King', '703 Guest Rd', TIMESTAMP '1976-04-12 12:00:00');
INSERT INTO Guest (guest_id, guest_name, address, birth_date) VALUES (5059, 'Cameron Brown', '105 Guest Rd', TIMESTAMP '1978-12-23 12:00:00');
INSERT INTO Guest (guest_id, guest_name, address, birth_date) VALUES (5060, 'Elliot Gonzalez', '561 Guest Rd', TIMESTAMP '1986-08-04 12:00:00');
INSERT INTO Guest (guest_id, guest_name, address, birth_date) VALUES (5061, 'Rowan Anderson', '325 Guest Rd', TIMESTAMP '1997-01-12 12:00:00');
INSERT INTO Guest (guest_id, guest_name, address, birth_date) VALUES (5062, 'Casey Thomas', '294 Guest Rd', TIMESTAMP '1974-02-26 12:00:00');
INSERT INTO Guest (guest_id, guest_name, address, birth_date) VALUES (5063, 'Skyler Scott', '983 Guest Rd', TIMESTAMP '1995-04-06 12:00:00');
INSERT INTO Guest (guest_id, guest_name, address, birth_date) VALUES (5064, 'Morgan Nguyen', '757 Guest Rd', TIMESTAMP '1960-02-05 12:00:00');
INSERT INTO Guest (guest_id, guest_name, address, birth_date) VALUES (5065, 'Alex Rivera', '875 Guest Rd', TIMESTAMP '1963-05-04 12:00:00');
INSERT INTO Guest (guest_id, guest_name, address, birth_date) VALUES (5066, 'Sasha Jackson', '405 Guest Rd', TIMESTAMP '1960-08-20 12:00:00');
INSERT INTO Guest (guest_id, guest_name, address, birth_date) VALUES (5067, 'Skyler Chen', '446 Guest Rd', TIMESTAMP '2000-02-01 12:00:00');
INSERT INTO Guest (guest_id, guest_name, address, birth_date) VALUES (5068, 'Alex Walker', '521 Guest Rd', TIMESTAMP '1966-05-15 12:00:00');
INSERT INTO Guest (guest_id, guest_name, address, birth_date) VALUES (5069, 'Jordan Singh', '492 Guest Rd', TIMESTAMP '1969-08-11 12:00:00');
INSERT INTO Guest (guest_id, guest_name, address, birth_date) VALUES (5070, 'Rowan King', '774 Guest Rd', TIMESTAMP '1969-11-27 12:00:00');
INSERT INTO Guest (guest_id, guest_name, address, birth_date) VALUES (5071, 'Reese Lopez', '973 Guest Rd', TIMESTAMP '1975-07-28 12:00:00');
INSERT INTO Guest (guest_id, guest_name, address, birth_date) VALUES (5072, 'Morgan Gonzalez', '801 Guest Rd', TIMESTAMP '1982-12-08 12:00:00');
INSERT INTO Guest (guest_id, guest_name, address, birth_date) VALUES (5073, 'Cameron Lee', '572 Guest Rd', TIMESTAMP '1982-02-23 12:00:00');
INSERT INTO Guest (guest_id, guest_name, address, birth_date) VALUES (5074, 'Rowan Baker', '942 Guest Rd', TIMESTAMP '1983-02-20 12:00:00');
INSERT INTO Guest (guest_id, guest_name, address, birth_date) VALUES (5075, 'Avery Singh', '638 Guest Rd', TIMESTAMP '1972-01-04 12:00:00');
INSERT INTO Guest (guest_id, guest_name, address, birth_date) VALUES (5076, 'Cameron Walker', '431 Guest Rd', TIMESTAMP '1995-08-21 12:00:00');
INSERT INTO Guest (guest_id, guest_name, address, birth_date) VALUES (5077, 'Casey Chen', '867 Guest Rd', TIMESTAMP '1977-07-01 12:00:00');
INSERT INTO Guest (guest_id, guest_name, address, birth_date) VALUES (5078, 'Morgan Garcia', '274 Guest Rd', TIMESTAMP '1984-04-04 12:00:00');
INSERT INTO Guest (guest_id, guest_name, address, birth_date) VALUES (5079, 'Riley King', '517 Guest Rd', TIMESTAMP '2002-01-07 12:00:00');
INSERT INTO Guest (guest_id, guest_name, address, birth_date) VALUES (5080, 'Skyler Wilson', '530 Guest Rd', TIMESTAMP '1992-06-19 12:00:00');
INSERT INTO Guest (guest_id, guest_name, address, birth_date) VALUES (5081, 'Cameron Gonzalez', '379 Guest Rd', TIMESTAMP '1986-01-06 12:00:00');
INSERT INTO Guest (guest_id, guest_name, address, birth_date) VALUES (5082, 'Emerson Allen', '833 Guest Rd', TIMESTAMP '1966-06-15 12:00:00');
INSERT INTO Guest (guest_id, guest_name, address, birth_date) VALUES (5083, 'Alex Brown', '887 Guest Rd', TIMESTAMP '1963-08-22 12:00:00');
INSERT INTO Guest (guest_id, guest_name, address, birth_date) VALUES (5084, 'Parker Torres', '771 Guest Rd', TIMESTAMP '1966-09-15 12:00:00');
INSERT INTO Guest (guest_id, guest_name, address, birth_date) VALUES (5085, 'Quinn Scott', '234 Guest Rd', TIMESTAMP '1962-02-06 12:00:00');
INSERT INTO Guest (guest_id, guest_name, address, birth_date) VALUES (5086, 'Noa Smith', '549 Guest Rd', TIMESTAMP '1996-08-01 12:00:00');
INSERT INTO Guest (guest_id, guest_name, address, birth_date) VALUES (5087, 'Dana Ng', '521 Guest Rd', TIMESTAMP '1980-06-14 12:00:00');
INSERT INTO Guest (guest_id, guest_name, address, birth_date) VALUES (5088, 'Parker Jackson', '600 Guest Rd', TIMESTAMP '1976-11-11 12:00:00');
INSERT INTO Guest (guest_id, guest_name, address, birth_date) VALUES (5089, 'Quinn Singh', '283 Guest Rd', TIMESTAMP '1975-08-16 12:00:00');
INSERT INTO Guest (guest_id, guest_name, address, birth_date) VALUES (5090, 'Kai Wright', '685 Guest Rd', TIMESTAMP '1994-02-11 12:00:00');
INSERT INTO Guest (guest_id, guest_name, address, birth_date) VALUES (5091, 'Avery Jackson', '427 Guest Rd', TIMESTAMP '1990-06-18 12:00:00');
INSERT INTO Guest (guest_id, guest_name, address, birth_date) VALUES (5092, 'Noa Brown', '807 Guest Rd', TIMESTAMP '1994-06-23 12:00:00');
INSERT INTO Guest (guest_id, guest_name, address, birth_date) VALUES (5093, 'Casey Martinez', '176 Guest Rd', TIMESTAMP '1966-08-28 12:00:00');
INSERT INTO Guest (guest_id, guest_name, address, birth_date) VALUES (5094, 'Quinn Wilson', '908 Guest Rd', TIMESTAMP '1988-12-23 12:00:00');
INSERT INTO Guest (guest_id, guest_name, address, birth_date) VALUES (5095, 'Skyler Hernandez', '537 Guest Rd', TIMESTAMP '1974-11-25 12:00:00');
INSERT INTO Guest (guest_id, guest_name, address, birth_date) VALUES (5096, 'Jamie Torres', '461 Guest Rd', TIMESTAMP '1989-06-14 12:00:00');
INSERT INTO Guest (guest_id, guest_name, address, birth_date) VALUES (5097, 'Sasha Gonzalez', '637 Guest Rd', TIMESTAMP '1966-01-23 12:00:00');
INSERT INTO Guest (guest_id, guest_name, address, birth_date) VALUES (5098, 'Logan King', '799 Guest Rd', TIMESTAMP '1988-01-26 12:00:00');
INSERT INTO Guest (guest_id, guest_name, address, birth_date) VALUES (5099, 'Finley Chen', '782 Guest Rd', TIMESTAMP '1962-03-12 12:00:00');
INSERT INTO Guest (guest_id, guest_name, address, birth_date) VALUES (5100, 'Skyler Ng', '742 Guest Rd', TIMESTAMP '1960-04-26 12:00:00');
INSERT INTO Guest (guest_id, guest_name, address, birth_date) VALUES (5101, 'Alex Brown', '794 Guest Rd', TIMESTAMP '1985-09-21 12:00:00');
INSERT INTO Guest (guest_id, guest_name, address, birth_date) VALUES (5102, 'Casey Hernandez', '806 Guest Rd', TIMESTAMP '1981-06-27 12:00:00');
INSERT INTO Guest (guest_id, guest_name, address, birth_date) VALUES (5103, 'Dana Gonzalez', '932 Guest Rd', TIMESTAMP '1975-04-15 12:00:00');
INSERT INTO Guest (guest_id, guest_name, address, birth_date) VALUES (5104, 'Theo Torres', '102 Guest Rd', TIMESTAMP '1974-04-19 12:00:00');
INSERT INTO Guest (guest_id, guest_name, address, birth_date) VALUES (5105, 'Sasha Chen', '912 Guest Rd', TIMESTAMP '1988-12-06 12:00:00');
INSERT INTO Guest (guest_id, guest_name, address, birth_date) VALUES (5106, 'Milan Kim', '824 Guest Rd', TIMESTAMP '1989-03-05 12:00:00');
INSERT INTO Guest (guest_id, guest_name, address, birth_date) VALUES (5107, 'Harper Thomas', '781 Guest Rd', TIMESTAMP '1982-10-08 12:00:00');
INSERT INTO Guest (guest_id, guest_name, address, birth_date) VALUES (5108, 'Dana Lee', '200 Guest Rd', TIMESTAMP '1970-03-28 12:00:00');
INSERT INTO Guest (guest_id, guest_name, address, birth_date) VALUES (5109, 'Taylor Wright', '827 Guest Rd', TIMESTAMP '1967-06-20 12:00:00');
INSERT INTO Guest (guest_id, guest_name, address, birth_date) VALUES (5110, 'Quinn White', '440 Guest Rd', TIMESTAMP '2001-09-12 12:00:00');
INSERT INTO Guest (guest_id, guest_name, address, birth_date) VALUES (5111, 'Riley Lopez', '188 Guest Rd', TIMESTAMP '1987-04-15 12:00:00');
INSERT INTO Guest (guest_id, guest_name, address, birth_date) VALUES (5112, 'Riley Garcia', '263 Guest Rd', TIMESTAMP '2001-03-18 12:00:00');
INSERT INTO Guest (guest_id, guest_name, address, birth_date) VALUES (5113, 'Logan Garcia', '921 Guest Rd', TIMESTAMP '1967-11-09 12:00:00');
INSERT INTO Guest (guest_id, guest_name, address, birth_date) VALUES (5114, 'Morgan Martinez', '899 Guest Rd', TIMESTAMP '1974-09-28 12:00:00');
INSERT INTO Guest (guest_id, guest_name, address, birth_date) VALUES (5115, 'Skyler Wright', '589 Guest Rd', TIMESTAMP '1961-05-09 12:00:00');
INSERT INTO Guest (guest_id, guest_name, address, birth_date) VALUES (5116, 'Rowan Martinez', '929 Guest Rd', TIMESTAMP '1960-06-28 12:00:00');
INSERT INTO Guest (guest_id, guest_name, address, birth_date) VALUES (5117, 'Kai Scott', '618 Guest Rd', TIMESTAMP '2002-09-01 12:00:00');
INSERT INTO Guest (guest_id, guest_name, address, birth_date) VALUES (5118, 'Kai Davis', '723 Guest Rd', TIMESTAMP '2005-04-01 12:00:00');
INSERT INTO Guest (guest_id, guest_name, address, birth_date) VALUES (5119, 'Jordan Allen', '708 Guest Rd', TIMESTAMP '1971-04-12 12:00:00');
INSERT INTO Reservation (reservation_id, property_id, start_date, rental_weeks, num_guests) VALUES (1000, 100, TIMESTAMP '2026-02-07 10:00:00', 2, 1);
INSERT INTO Reservation (reservation_id, property_id, start_date, rental_weeks, num_guests) VALUES (1001, 100, TIMESTAMP '2026-09-05 10:00:00', 1, 2);
INSERT INTO Reservation (reservation_id, property_id, start_date, rental_weeks, num_guests) VALUES (1002, 100, TIMESTAMP '2026-12-05 10:00:00', 1, 1);
INSERT INTO Reservation (reservation_id, property_id, start_date, rental_weeks, num_guests) VALUES (1003, 100, TIMESTAMP '2026-12-19 10:00:00', 2, 1);
INSERT INTO Reservation (reservation_id, property_id, start_date, rental_weeks, num_guests) VALUES (1004, 100, TIMESTAMP '2026-05-16 10:00:00', 1, 2);
INSERT INTO Reservation (reservation_id, property_id, start_date, rental_weeks, num_guests) VALUES (1005, 100, TIMESTAMP '2025-05-03 10:00:00', 2, 2);
INSERT INTO Reservation (reservation_id, property_id, start_date, rental_weeks, num_guests) VALUES (1006, 101, TIMESTAMP '2026-06-06 10:00:00', 2, 7);
INSERT INTO Reservation (reservation_id, property_id, start_date, rental_weeks, num_guests) VALUES (1007, 101, TIMESTAMP '2025-10-25 10:00:00', 2, 7);
INSERT INTO Reservation (reservation_id, property_id, start_date, rental_weeks, num_guests) VALUES (1008, 101, TIMESTAMP '2025-11-29 10:00:00', 2, 7);
INSERT INTO Reservation (reservation_id, property_id, start_date, rental_weeks, num_guests) VALUES (1009, 101, TIMESTAMP '2025-07-19 10:00:00', 2, 6);
INSERT INTO Reservation (reservation_id, property_id, start_date, rental_weeks, num_guests) VALUES (1010, 101, TIMESTAMP '2026-10-17 10:00:00', 2, 6);
INSERT INTO Reservation (reservation_id, property_id, start_date, rental_weeks, num_guests) VALUES (1011, 101, TIMESTAMP '2025-08-09 10:00:00', 2, 1);
INSERT INTO Reservation (reservation_id, property_id, start_date, rental_weeks, num_guests) VALUES (1012, 102, TIMESTAMP '2026-01-03 10:00:00', 1, 8);
INSERT INTO Reservation (reservation_id, property_id, start_date, rental_weeks, num_guests) VALUES (1013, 102, TIMESTAMP '2026-06-27 10:00:00', 1, 6);
INSERT INTO Reservation (reservation_id, property_id, start_date, rental_weeks, num_guests) VALUES (1014, 102, TIMESTAMP '2026-03-14 10:00:00', 2, 8);
INSERT INTO Reservation (reservation_id, property_id, start_date, rental_weeks, num_guests) VALUES (1015, 102, TIMESTAMP '2026-01-17 10:00:00', 2, 4);
INSERT INTO Reservation (reservation_id, property_id, start_date, rental_weeks, num_guests) VALUES (1016, 102, TIMESTAMP '2025-08-16 10:00:00', 1, 7);
INSERT INTO Reservation (reservation_id, property_id, start_date, rental_weeks, num_guests) VALUES (1017, 102, TIMESTAMP '2026-05-02 10:00:00', 1, 8);
INSERT INTO Reservation (reservation_id, property_id, start_date, rental_weeks, num_guests) VALUES (1018, 103, TIMESTAMP '2026-08-08 10:00:00', 1, 2);
INSERT INTO Reservation (reservation_id, property_id, start_date, rental_weeks, num_guests) VALUES (1019, 103, TIMESTAMP '2025-06-14 10:00:00', 1, 4);
INSERT INTO Reservation (reservation_id, property_id, start_date, rental_weeks, num_guests) VALUES (1020, 103, TIMESTAMP '2026-02-07 10:00:00', 1, 6);
INSERT INTO Reservation (reservation_id, property_id, start_date, rental_weeks, num_guests) VALUES (1021, 103, TIMESTAMP '2025-12-06 10:00:00', 2, 6);
INSERT INTO Reservation (reservation_id, property_id, start_date, rental_weeks, num_guests) VALUES (1022, 103, TIMESTAMP '2025-03-08 10:00:00', 2, 6);
INSERT INTO Reservation (reservation_id, property_id, start_date, rental_weeks, num_guests) VALUES (1023, 103, TIMESTAMP '2025-02-01 10:00:00', 1, 6);
INSERT INTO Reservation (reservation_id, property_id, start_date, rental_weeks, num_guests) VALUES (1024, 104, TIMESTAMP '2025-02-22 10:00:00', 2, 7);
INSERT INTO Reservation (reservation_id, property_id, start_date, rental_weeks, num_guests) VALUES (1025, 104, TIMESTAMP '2026-04-04 10:00:00', 1, 7);
INSERT INTO Reservation (reservation_id, property_id, start_date, rental_weeks, num_guests) VALUES (1026, 104, TIMESTAMP '2026-08-08 10:00:00', 1, 2);
INSERT INTO Reservation (reservation_id, property_id, start_date, rental_weeks, num_guests) VALUES (1027, 104, TIMESTAMP '2027-01-23 10:00:00', 2, 6);
INSERT INTO Reservation (reservation_id, property_id, start_date, rental_weeks, num_guests) VALUES (1028, 104, TIMESTAMP '2026-08-29 10:00:00', 2, 7);
INSERT INTO Reservation (reservation_id, property_id, start_date, rental_weeks, num_guests) VALUES (1029, 104, TIMESTAMP '2025-10-18 10:00:00', 1, 4);
INSERT INTO Reservation (reservation_id, property_id, start_date, rental_weeks, num_guests) VALUES (1030, 105, TIMESTAMP '2025-10-04 10:00:00', 1, 2);
INSERT INTO Reservation (reservation_id, property_id, start_date, rental_weeks, num_guests) VALUES (1031, 105, TIMESTAMP '2025-09-06 10:00:00', 1, 1);
INSERT INTO Reservation (reservation_id, property_id, start_date, rental_weeks, num_guests) VALUES (1032, 105, TIMESTAMP '2025-11-22 10:00:00', 2, 2);
INSERT INTO Reservation (reservation_id, property_id, start_date, rental_weeks, num_guests) VALUES (1033, 105, TIMESTAMP '2026-01-17 10:00:00', 2, 1);
INSERT INTO Reservation (reservation_id, property_id, start_date, rental_weeks, num_guests) VALUES (1034, 105, TIMESTAMP '2025-03-08 10:00:00', 1, 2);
INSERT INTO Reservation (reservation_id, property_id, start_date, rental_weeks, num_guests) VALUES (1035, 105, TIMESTAMP '2026-11-07 10:00:00', 2, 1);
INSERT INTO Reservation (reservation_id, property_id, start_date, rental_weeks, num_guests) VALUES (1036, 106, TIMESTAMP '2026-10-24 10:00:00', 2, 2);
INSERT INTO Reservation (reservation_id, property_id, start_date, rental_weeks, num_guests) VALUES (1037, 106, TIMESTAMP '2026-01-10 10:00:00', 2, 9);
INSERT INTO Reservation (reservation_id, property_id, start_date, rental_weeks, num_guests) VALUES (1038, 106, TIMESTAMP '2026-04-25 10:00:00', 2, 9);
INSERT INTO Reservation (reservation_id, property_id, start_date, rental_weeks, num_guests) VALUES (1039, 106, TIMESTAMP '2025-01-18 10:00:00', 2, 9);
INSERT INTO Reservation (reservation_id, property_id, start_date, rental_weeks, num_guests) VALUES (1040, 106, TIMESTAMP '2026-08-15 10:00:00', 2, 9);
INSERT INTO Reservation (reservation_id, property_id, start_date, rental_weeks, num_guests) VALUES (1041, 106, TIMESTAMP '2026-05-09 10:00:00', 2, 6);
INSERT INTO Reservation (reservation_id, property_id, start_date, rental_weeks, num_guests) VALUES (1042, 107, TIMESTAMP '2025-01-04 10:00:00', 2, 2);
INSERT INTO Reservation (reservation_id, property_id, start_date, rental_weeks, num_guests) VALUES (1043, 107, TIMESTAMP '2025-12-13 10:00:00', 1, 6);
INSERT INTO Reservation (reservation_id, property_id, start_date, rental_weeks, num_guests) VALUES (1044, 107, TIMESTAMP '2026-06-27 10:00:00', 1, 7);
INSERT INTO Reservation (reservation_id, property_id, start_date, rental_weeks, num_guests) VALUES (1045, 107, TIMESTAMP '2026-10-24 10:00:00', 1, 2);
INSERT INTO Reservation (reservation_id, property_id, start_date, rental_weeks, num_guests) VALUES (1046, 107, TIMESTAMP '2027-01-30 10:00:00', 2, 6);
INSERT INTO Reservation (reservation_id, property_id, start_date, rental_weeks, num_guests) VALUES (1047, 107, TIMESTAMP '2026-12-26 10:00:00', 2, 5);
INSERT INTO Reservation (reservation_id, property_id, start_date, rental_weeks, num_guests) VALUES (1048, 108, TIMESTAMP '2027-01-30 10:00:00', 2, 1);
INSERT INTO Reservation (reservation_id, property_id, start_date, rental_weeks, num_guests) VALUES (1049, 108, TIMESTAMP '2025-03-29 10:00:00', 1, 7);
INSERT INTO Reservation (reservation_id, property_id, start_date, rental_weeks, num_guests) VALUES (1050, 108, TIMESTAMP '2025-07-26 10:00:00', 1, 7);
INSERT INTO Reservation (reservation_id, property_id, start_date, rental_weeks, num_guests) VALUES (1051, 108, TIMESTAMP '2026-09-05 10:00:00', 1, 7);
INSERT INTO Reservation (reservation_id, property_id, start_date, rental_weeks, num_guests) VALUES (1052, 108, TIMESTAMP '2026-08-01 10:00:00', 1, 7);
INSERT INTO Reservation (reservation_id, property_id, start_date, rental_weeks, num_guests) VALUES (1053, 108, TIMESTAMP '2026-08-08 10:00:00', 2, 1);
INSERT INTO Reservation (reservation_id, property_id, start_date, rental_weeks, num_guests) VALUES (1054, 109, TIMESTAMP '2025-01-18 10:00:00', 1, 3);
INSERT INTO Reservation (reservation_id, property_id, start_date, rental_weeks, num_guests) VALUES (1055, 109, TIMESTAMP '2026-02-21 10:00:00', 1, 6);
INSERT INTO Reservation (reservation_id, property_id, start_date, rental_weeks, num_guests) VALUES (1056, 109, TIMESTAMP '2026-05-02 10:00:00', 2, 2);
INSERT INTO Reservation (reservation_id, property_id, start_date, rental_weeks, num_guests) VALUES (1057, 109, TIMESTAMP '2025-04-19 10:00:00', 2, 6);
INSERT INTO Reservation (reservation_id, property_id, start_date, rental_weeks, num_guests) VALUES (1058, 109, TIMESTAMP '2026-12-26 10:00:00', 2, 5);
INSERT INTO Reservation (reservation_id, property_id, start_date, rental_weeks, num_guests) VALUES (1059, 109, TIMESTAMP '2025-08-09 10:00:00', 2, 3);
INSERT INTO Reservation (reservation_id, property_id, start_date, rental_weeks, num_guests) VALUES (1060, 110, TIMESTAMP '2026-11-14 10:00:00', 2, 4);
INSERT INTO Reservation (reservation_id, property_id, start_date, rental_weeks, num_guests) VALUES (1061, 110, TIMESTAMP '2025-01-11 10:00:00', 1, 1);
INSERT INTO Reservation (reservation_id, property_id, start_date, rental_weeks, num_guests) VALUES (1062, 110, TIMESTAMP '2026-12-26 10:00:00', 2, 3);
INSERT INTO Reservation (reservation_id, property_id, start_date, rental_weeks, num_guests) VALUES (1063, 110, TIMESTAMP '2026-03-28 10:00:00', 1, 4);
INSERT INTO Reservation (reservation_id, property_id, start_date, rental_weeks, num_guests) VALUES (1064, 110, TIMESTAMP '2025-03-22 10:00:00', 2, 3);
INSERT INTO Reservation (reservation_id, property_id, start_date, rental_weeks, num_guests) VALUES (1065, 110, TIMESTAMP '2026-12-05 10:00:00', 2, 1);
INSERT INTO Reservation (reservation_id, property_id, start_date, rental_weeks, num_guests) VALUES (1066, 111, TIMESTAMP '2025-12-13 10:00:00', 2, 3);
INSERT INTO Reservation (reservation_id, property_id, start_date, rental_weeks, num_guests) VALUES (1067, 111, TIMESTAMP '2026-06-13 10:00:00', 2, 9);
INSERT INTO Reservation (reservation_id, property_id, start_date, rental_weeks, num_guests) VALUES (1068, 111, TIMESTAMP '2025-05-24 10:00:00', 1, 2);
INSERT INTO Reservation (reservation_id, property_id, start_date, rental_weeks, num_guests) VALUES (1069, 111, TIMESTAMP '2025-06-21 10:00:00', 2, 9);
INSERT INTO Reservation (reservation_id, property_id, start_date, rental_weeks, num_guests) VALUES (1070, 111, TIMESTAMP '2025-05-10 10:00:00', 2, 1);
INSERT INTO Reservation (reservation_id, property_id, start_date, rental_weeks, num_guests) VALUES (1071, 111, TIMESTAMP '2026-07-25 10:00:00', 2, 2);
INSERT INTO Reservation (reservation_id, property_id, start_date, rental_weeks, num_guests) VALUES (1072, 112, TIMESTAMP '2026-03-21 10:00:00', 1, 1);
INSERT INTO Reservation (reservation_id, property_id, start_date, rental_weeks, num_guests) VALUES (1073, 112, TIMESTAMP '2027-01-30 10:00:00', 1, 5);
INSERT INTO Reservation (reservation_id, property_id, start_date, rental_weeks, num_guests) VALUES (1074, 112, TIMESTAMP '2026-08-15 10:00:00', 1, 2);
INSERT INTO Reservation (reservation_id, property_id, start_date, rental_weeks, num_guests) VALUES (1075, 112, TIMESTAMP '2026-12-26 10:00:00', 2, 6);
INSERT INTO Reservation (reservation_id, property_id, start_date, rental_weeks, num_guests) VALUES (1076, 113, TIMESTAMP '2025-05-17 10:00:00', 2, 3);
INSERT INTO Reservation (reservation_id, property_id, start_date, rental_weeks, num_guests) VALUES (1077, 113, TIMESTAMP '2025-03-08 10:00:00', 2, 3);
INSERT INTO Reservation (reservation_id, property_id, start_date, rental_weeks, num_guests) VALUES (1078, 113, TIMESTAMP '2026-12-26 10:00:00', 1, 3);
INSERT INTO Reservation (reservation_id, property_id, start_date, rental_weeks, num_guests) VALUES (1079, 113, TIMESTAMP '2025-03-22 10:00:00', 1, 3);
INSERT INTO Reservation (reservation_id, property_id, start_date, rental_weeks, num_guests) VALUES (1080, 114, TIMESTAMP '2026-10-31 10:00:00', 2, 1);
INSERT INTO Reservation (reservation_id, property_id, start_date, rental_weeks, num_guests) VALUES (1081, 114, TIMESTAMP '2025-03-15 10:00:00', 1, 4);
INSERT INTO Reservation (reservation_id, property_id, start_date, rental_weeks, num_guests) VALUES (1082, 114, TIMESTAMP '2026-01-31 10:00:00', 1, 4);
INSERT INTO Reservation (reservation_id, property_id, start_date, rental_weeks, num_guests) VALUES (1083, 114, TIMESTAMP '2027-01-30 10:00:00', 2, 4);
INSERT INTO Reservation (reservation_id, property_id, start_date, rental_weeks, num_guests) VALUES (1084, 115, TIMESTAMP '2025-04-26 10:00:00', 1, 2);
INSERT INTO Reservation (reservation_id, property_id, start_date, rental_weeks, num_guests) VALUES (1085, 115, TIMESTAMP '2026-05-02 10:00:00', 2, 1);
INSERT INTO Reservation (reservation_id, property_id, start_date, rental_weeks, num_guests) VALUES (1086, 115, TIMESTAMP '2026-10-03 10:00:00', 2, 1);
INSERT INTO Reservation (reservation_id, property_id, start_date, rental_weeks, num_guests) VALUES (1087, 115, TIMESTAMP '2026-09-19 10:00:00', 1, 1);
INSERT INTO Reservation (reservation_id, property_id, start_date, rental_weeks, num_guests) VALUES (1088, 116, TIMESTAMP '2025-01-11 10:00:00', 2, 9);
INSERT INTO Reservation (reservation_id, property_id, start_date, rental_weeks, num_guests) VALUES (1089, 116, TIMESTAMP '2026-11-28 10:00:00', 2, 7);
INSERT INTO Reservation (reservation_id, property_id, start_date, rental_weeks, num_guests) VALUES (1090, 116, TIMESTAMP '2025-02-08 10:00:00', 1, 9);
INSERT INTO Reservation (reservation_id, property_id, start_date, rental_weeks, num_guests) VALUES (1091, 116, TIMESTAMP '2026-04-25 10:00:00', 2, 8);
INSERT INTO Reservation (reservation_id, property_id, start_date, rental_weeks, num_guests) VALUES (1092, 117, TIMESTAMP '2025-07-05 10:00:00', 2, 3);
INSERT INTO Reservation (reservation_id, property_id, start_date, rental_weeks, num_guests) VALUES (1093, 117, TIMESTAMP '2026-07-04 10:00:00', 2, 2);
INSERT INTO Reservation (reservation_id, property_id, start_date, rental_weeks, num_guests) VALUES (1094, 117, TIMESTAMP '2026-07-18 10:00:00', 1, 1);
INSERT INTO Reservation (reservation_id, property_id, start_date, rental_weeks, num_guests) VALUES (1095, 117, TIMESTAMP '2027-01-30 10:00:00', 2, 3);
INSERT INTO Reservation (reservation_id, property_id, start_date, rental_weeks, num_guests) VALUES (1096, 118, TIMESTAMP '2026-10-31 10:00:00', 1, 6);
INSERT INTO Reservation (reservation_id, property_id, start_date, rental_weeks, num_guests) VALUES (1097, 118, TIMESTAMP '2025-08-16 10:00:00', 1, 8);
INSERT INTO Reservation (reservation_id, property_id, start_date, rental_weeks, num_guests) VALUES (1098, 118, TIMESTAMP '2025-05-10 10:00:00', 2, 8);
INSERT INTO Reservation (reservation_id, property_id, start_date, rental_weeks, num_guests) VALUES (1099, 118, TIMESTAMP '2025-10-04 10:00:00', 1, 2);
INSERT INTO Reservation (reservation_id, property_id, start_date, rental_weeks, num_guests) VALUES (1100, 119, TIMESTAMP '2026-10-03 10:00:00', 2, 8);
INSERT INTO Reservation (reservation_id, property_id, start_date, rental_weeks, num_guests) VALUES (1101, 119, TIMESTAMP '2025-11-08 10:00:00', 2, 8);
INSERT INTO Reservation (reservation_id, property_id, start_date, rental_weeks, num_guests) VALUES (1102, 119, TIMESTAMP '2025-09-27 10:00:00', 1, 2);
INSERT INTO Reservation (reservation_id, property_id, start_date, rental_weeks, num_guests) VALUES (1103, 119, TIMESTAMP '2026-04-04 10:00:00', 2, 2);
INSERT INTO Reservation (reservation_id, property_id, start_date, rental_weeks, num_guests) VALUES (1104, 120, TIMESTAMP '2026-01-17 10:00:00', 1, 8);
INSERT INTO Reservation (reservation_id, property_id, start_date, rental_weeks, num_guests) VALUES (1105, 120, TIMESTAMP '2026-05-02 10:00:00', 1, 8);
INSERT INTO Reservation (reservation_id, property_id, start_date, rental_weeks, num_guests) VALUES (1106, 120, TIMESTAMP '2026-07-18 10:00:00', 1, 7);
INSERT INTO Reservation (reservation_id, property_id, start_date, rental_weeks, num_guests) VALUES (1107, 121, TIMESTAMP '2026-10-31 10:00:00', 2, 2);
INSERT INTO Reservation (reservation_id, property_id, start_date, rental_weeks, num_guests) VALUES (1108, 121, TIMESTAMP '2025-03-22 10:00:00', 2, 2);
INSERT INTO Reservation (reservation_id, property_id, start_date, rental_weeks, num_guests) VALUES (1109, 121, TIMESTAMP '2025-07-26 10:00:00', 1, 3);
INSERT INTO Reservation (reservation_id, property_id, start_date, rental_weeks, num_guests) VALUES (1110, 122, TIMESTAMP '2025-02-08 10:00:00', 2, 10);
INSERT INTO Reservation (reservation_id, property_id, start_date, rental_weeks, num_guests) VALUES (1111, 122, TIMESTAMP '2026-01-31 10:00:00', 2, 9);
INSERT INTO Reservation (reservation_id, property_id, start_date, rental_weeks, num_guests) VALUES (1112, 122, TIMESTAMP '2026-10-17 10:00:00', 1, 10);
INSERT INTO Reservation (reservation_id, property_id, start_date, rental_weeks, num_guests) VALUES (1113, 123, TIMESTAMP '2025-03-01 10:00:00', 1, 2);
INSERT INTO Reservation (reservation_id, property_id, start_date, rental_weeks, num_guests) VALUES (1114, 123, TIMESTAMP '2026-10-24 10:00:00', 1, 4);
INSERT INTO Reservation (reservation_id, property_id, start_date, rental_weeks, num_guests) VALUES (1115, 123, TIMESTAMP '2025-02-15 10:00:00', 2, 4);
INSERT INTO Stay (stay_id, guest_id, reservation_id) VALUES (8000, 5073, 1000);
INSERT INTO Stay (stay_id, guest_id, reservation_id) VALUES (8001, 5051, 1001);
INSERT INTO Stay (stay_id, guest_id, reservation_id) VALUES (8002, 5014, 1001);
INSERT INTO Stay (stay_id, guest_id, reservation_id) VALUES (8003, 5101, 1002);
INSERT INTO Stay (stay_id, guest_id, reservation_id) VALUES (8004, 5108, 1003);
INSERT INTO Stay (stay_id, guest_id, reservation_id) VALUES (8005, 5101, 1004);
INSERT INTO Stay (stay_id, guest_id, reservation_id) VALUES (8006, 5103, 1004);
INSERT INTO Stay (stay_id, guest_id, reservation_id) VALUES (8007, 5063, 1005);
INSERT INTO Stay (stay_id, guest_id, reservation_id) VALUES (8008, 5083, 1005);
INSERT INTO Stay (stay_id, guest_id, reservation_id) VALUES (8009, 5072, 1006);
INSERT INTO Stay (stay_id, guest_id, reservation_id) VALUES (8010, 5023, 1006);
INSERT INTO Stay (stay_id, guest_id, reservation_id) VALUES (8011, 5100, 1006);
INSERT INTO Stay (stay_id, guest_id, reservation_id) VALUES (8012, 5091, 1006);
INSERT INTO Stay (stay_id, guest_id, reservation_id) VALUES (8013, 5082, 1006);
INSERT INTO Stay (stay_id, guest_id, reservation_id) VALUES (8014, 5006, 1006);
INSERT INTO Stay (stay_id, guest_id, reservation_id) VALUES (8015, 5063, 1006);
INSERT INTO Stay (stay_id, guest_id, reservation_id) VALUES (8016, 5079, 1007);
INSERT INTO Stay (stay_id, guest_id, reservation_id) VALUES (8017, 5060, 1007);
INSERT INTO Stay (stay_id, guest_id, reservation_id) VALUES (8018, 5037, 1007);
INSERT INTO Stay (stay_id, guest_id, reservation_id) VALUES (8019, 5046, 1007);
INSERT INTO Stay (stay_id, guest_id, reservation_id) VALUES (8020, 5019, 1007);
INSERT INTO Stay (stay_id, guest_id, reservation_id) VALUES (8021, 5010, 1007);
INSERT INTO Stay (stay_id, guest_id, reservation_id) VALUES (8022, 5030, 1007);
INSERT INTO Stay (stay_id, guest_id, reservation_id) VALUES (8023, 5090, 1008);
INSERT INTO Stay (stay_id, guest_id, reservation_id) VALUES (8024, 5035, 1008);
INSERT INTO Stay (stay_id, guest_id, reservation_id) VALUES (8025, 5005, 1008);
INSERT INTO Stay (stay_id, guest_id, reservation_id) VALUES (8026, 5104, 1008);
INSERT INTO Stay (stay_id, guest_id, reservation_id) VALUES (8027, 5072, 1008);
INSERT INTO Stay (stay_id, guest_id, reservation_id) VALUES (8028, 5109, 1008);
INSERT INTO Stay (stay_id, guest_id, reservation_id) VALUES (8029, 5080, 1008);
INSERT INTO Stay (stay_id, guest_id, reservation_id) VALUES (8030, 5112, 1009);
INSERT INTO Stay (stay_id, guest_id, reservation_id) VALUES (8031, 5053, 1009);
INSERT INTO Stay (stay_id, guest_id, reservation_id) VALUES (8032, 5019, 1009);
INSERT INTO Stay (stay_id, guest_id, reservation_id) VALUES (8033, 5070, 1009);
INSERT INTO Stay (stay_id, guest_id, reservation_id) VALUES (8034, 5020, 1009);
INSERT INTO Stay (stay_id, guest_id, reservation_id) VALUES (8035, 5047, 1009);
INSERT INTO Stay (stay_id, guest_id, reservation_id) VALUES (8036, 5008, 1010);
INSERT INTO Stay (stay_id, guest_id, reservation_id) VALUES (8037, 5105, 1010);
INSERT INTO Stay (stay_id, guest_id, reservation_id) VALUES (8038, 5049, 1010);
INSERT INTO Stay (stay_id, guest_id, reservation_id) VALUES (8039, 5074, 1010);
INSERT INTO Stay (stay_id, guest_id, reservation_id) VALUES (8040, 5037, 1010);
INSERT INTO Stay (stay_id, guest_id, reservation_id) VALUES (8041, 5045, 1010);
INSERT INTO Stay (stay_id, guest_id, reservation_id) VALUES (8042, 5042, 1011);
INSERT INTO Stay (stay_id, guest_id, reservation_id) VALUES (8043, 5082, 1012);
INSERT INTO Stay (stay_id, guest_id, reservation_id) VALUES (8044, 5025, 1012);
INSERT INTO Stay (stay_id, guest_id, reservation_id) VALUES (8045, 5053, 1012);
INSERT INTO Stay (stay_id, guest_id, reservation_id) VALUES (8046, 5005, 1012);
INSERT INTO Stay (stay_id, guest_id, reservation_id) VALUES (8047, 5036, 1012);
INSERT INTO Stay (stay_id, guest_id, reservation_id) VALUES (8048, 5096, 1012);
INSERT INTO Stay (stay_id, guest_id, reservation_id) VALUES (8049, 5103, 1012);
INSERT INTO Stay (stay_id, guest_id, reservation_id) VALUES (8050, 5017, 1012);
INSERT INTO Stay (stay_id, guest_id, reservation_id) VALUES (8051, 5112, 1013);
INSERT INTO Stay (stay_id, guest_id, reservation_id) VALUES (8052, 5011, 1013);
INSERT INTO Stay (stay_id, guest_id, reservation_id) VALUES (8053, 5101, 1013);
INSERT INTO Stay (stay_id, guest_id, reservation_id) VALUES (8054, 5097, 1013);
INSERT INTO Stay (stay_id, guest_id, reservation_id) VALUES (8055, 5040, 1013);
INSERT INTO Stay (stay_id, guest_id, reservation_id) VALUES (8056, 5015, 1013);
INSERT INTO Stay (stay_id, guest_id, reservation_id) VALUES (8057, 5055, 1014);
INSERT INTO Stay (stay_id, guest_id, reservation_id) VALUES (8058, 5036, 1014);
INSERT INTO Stay (stay_id, guest_id, reservation_id) VALUES (8059, 5050, 1014);
INSERT INTO Stay (stay_id, guest_id, reservation_id) VALUES (8060, 5023, 1014);
INSERT INTO Stay (stay_id, guest_id, reservation_id) VALUES (8061, 5065, 1014);
INSERT INTO Stay (stay_id, guest_id, reservation_id) VALUES (8062, 5095, 1014);
INSERT INTO Stay (stay_id, guest_id, reservation_id) VALUES (8063, 5027, 1014);
INSERT INTO Stay (stay_id, guest_id, reservation_id) VALUES (8064, 5077, 1014);
INSERT INTO Stay (stay_id, guest_id, reservation_id) VALUES (8065, 5050, 1015);
INSERT INTO Stay (stay_id, guest_id, reservation_id) VALUES (8066, 5090, 1015);
INSERT INTO Stay (stay_id, guest_id, reservation_id) VALUES (8067, 5061, 1015);
INSERT INTO Stay (stay_id, guest_id, reservation_id) VALUES (8068, 5112, 1015);
INSERT INTO Stay (stay_id, guest_id, reservation_id) VALUES (8069, 5100, 1016);
INSERT INTO Stay (stay_id, guest_id, reservation_id) VALUES (8070, 5074, 1016);
INSERT INTO Stay (stay_id, guest_id, reservation_id) VALUES (8071, 5111, 1016);
INSERT INTO Stay (stay_id, guest_id, reservation_id) VALUES (8072, 5103, 1016);
INSERT INTO Stay (stay_id, guest_id, reservation_id) VALUES (8073, 5052, 1016);
INSERT INTO Stay (stay_id, guest_id, reservation_id) VALUES (8074, 5005, 1016);
INSERT INTO Stay (stay_id, guest_id, reservation_id) VALUES (8075, 5036, 1016);
INSERT INTO Stay (stay_id, guest_id, reservation_id) VALUES (8076, 5117, 1017);
INSERT INTO Stay (stay_id, guest_id, reservation_id) VALUES (8077, 5115, 1017);
INSERT INTO Stay (stay_id, guest_id, reservation_id) VALUES (8078, 5095, 1017);
INSERT INTO Stay (stay_id, guest_id, reservation_id) VALUES (8079, 5061, 1017);
INSERT INTO Stay (stay_id, guest_id, reservation_id) VALUES (8080, 5040, 1017);
INSERT INTO Stay (stay_id, guest_id, reservation_id) VALUES (8081, 5001, 1017);
INSERT INTO Stay (stay_id, guest_id, reservation_id) VALUES (8082, 5090, 1017);
INSERT INTO Stay (stay_id, guest_id, reservation_id) VALUES (8083, 5060, 1017);
INSERT INTO Stay (stay_id, guest_id, reservation_id) VALUES (8084, 5016, 1018);
INSERT INTO Stay (stay_id, guest_id, reservation_id) VALUES (8085, 5093, 1018);
INSERT INTO Stay (stay_id, guest_id, reservation_id) VALUES (8086, 5014, 1019);
INSERT INTO Stay (stay_id, guest_id, reservation_id) VALUES (8087, 5036, 1019);
INSERT INTO Stay (stay_id, guest_id, reservation_id) VALUES (8088, 5108, 1019);
INSERT INTO Stay (stay_id, guest_id, reservation_id) VALUES (8089, 5058, 1019);
INSERT INTO Stay (stay_id, guest_id, reservation_id) VALUES (8090, 5046, 1020);
INSERT INTO Stay (stay_id, guest_id, reservation_id) VALUES (8091, 5112, 1020);
INSERT INTO Stay (stay_id, guest_id, reservation_id) VALUES (8092, 5055, 1020);
INSERT INTO Stay (stay_id, guest_id, reservation_id) VALUES (8093, 5056, 1020);
INSERT INTO Stay (stay_id, guest_id, reservation_id) VALUES (8094, 5089, 1020);
INSERT INTO Stay (stay_id, guest_id, reservation_id) VALUES (8095, 5012, 1020);
INSERT INTO Stay (stay_id, guest_id, reservation_id) VALUES (8096, 5000, 1021);
INSERT INTO Stay (stay_id, guest_id, reservation_id) VALUES (8097, 5092, 1021);
INSERT INTO Stay (stay_id, guest_id, reservation_id) VALUES (8098, 5095, 1021);
INSERT INTO Stay (stay_id, guest_id, reservation_id) VALUES (8099, 5002, 1021);
INSERT INTO Stay (stay_id, guest_id, reservation_id) VALUES (8100, 5053, 1021);
INSERT INTO Stay (stay_id, guest_id, reservation_id) VALUES (8101, 5109, 1021);
INSERT INTO Stay (stay_id, guest_id, reservation_id) VALUES (8102, 5057, 1022);
INSERT INTO Stay (stay_id, guest_id, reservation_id) VALUES (8103, 5030, 1022);
INSERT INTO Stay (stay_id, guest_id, reservation_id) VALUES (8104, 5034, 1022);
INSERT INTO Stay (stay_id, guest_id, reservation_id) VALUES (8105, 5016, 1022);
INSERT INTO Stay (stay_id, guest_id, reservation_id) VALUES (8106, 5014, 1022);
INSERT INTO Stay (stay_id, guest_id, reservation_id) VALUES (8107, 5073, 1022);
INSERT INTO Stay (stay_id, guest_id, reservation_id) VALUES (8108, 5112, 1023);
INSERT INTO Stay (stay_id, guest_id, reservation_id) VALUES (8109, 5059, 1023);
INSERT INTO Stay (stay_id, guest_id, reservation_id) VALUES (8110, 5006, 1023);
INSERT INTO Stay (stay_id, guest_id, reservation_id) VALUES (8111, 5104, 1023);
INSERT INTO Stay (stay_id, guest_id, reservation_id) VALUES (8112, 5008, 1023);
INSERT INTO Stay (stay_id, guest_id, reservation_id) VALUES (8113, 5024, 1023);
INSERT INTO Stay (stay_id, guest_id, reservation_id) VALUES (8114, 5107, 1024);
INSERT INTO Stay (stay_id, guest_id, reservation_id) VALUES (8115, 5100, 1024);
INSERT INTO Stay (stay_id, guest_id, reservation_id) VALUES (8116, 5073, 1024);
INSERT INTO Stay (stay_id, guest_id, reservation_id) VALUES (8117, 5105, 1024);
INSERT INTO Stay (stay_id, guest_id, reservation_id) VALUES (8118, 5086, 1024);
INSERT INTO Stay (stay_id, guest_id, reservation_id) VALUES (8119, 5071, 1024);
INSERT INTO Stay (stay_id, guest_id, reservation_id) VALUES (8120, 5101, 1024);
INSERT INTO Stay (stay_id, guest_id, reservation_id) VALUES (8121, 5115, 1025);
INSERT INTO Stay (stay_id, guest_id, reservation_id) VALUES (8122, 5066, 1025);
INSERT INTO Stay (stay_id, guest_id, reservation_id) VALUES (8123, 5102, 1025);
INSERT INTO Stay (stay_id, guest_id, reservation_id) VALUES (8124, 5062, 1025);
INSERT INTO Stay (stay_id, guest_id, reservation_id) VALUES (8125, 5034, 1025);
INSERT INTO Stay (stay_id, guest_id, reservation_id) VALUES (8126, 5094, 1025);
INSERT INTO Stay (stay_id, guest_id, reservation_id) VALUES (8127, 5100, 1025);
INSERT INTO Stay (stay_id, guest_id, reservation_id) VALUES (8128, 5055, 1026);
INSERT INTO Stay (stay_id, guest_id, reservation_id) VALUES (8129, 5095, 1026);
INSERT INTO Stay (stay_id, guest_id, reservation_id) VALUES (8130, 5053, 1027);
INSERT INTO Stay (stay_id, guest_id, reservation_id) VALUES (8131, 5038, 1027);
INSERT INTO Stay (stay_id, guest_id, reservation_id) VALUES (8132, 5065, 1027);
INSERT INTO Stay (stay_id, guest_id, reservation_id) VALUES (8133, 5005, 1027);
INSERT INTO Stay (stay_id, guest_id, reservation_id) VALUES (8134, 5086, 1027);
INSERT INTO Stay (stay_id, guest_id, reservation_id) VALUES (8135, 5108, 1027);
INSERT INTO Stay (stay_id, guest_id, reservation_id) VALUES (8136, 5081, 1028);
INSERT INTO Stay (stay_id, guest_id, reservation_id) VALUES (8137, 5039, 1028);
INSERT INTO Stay (stay_id, guest_id, reservation_id) VALUES (8138, 5054, 1028);
INSERT INTO Stay (stay_id, guest_id, reservation_id) VALUES (8139, 5088, 1028);
INSERT INTO Stay (stay_id, guest_id, reservation_id) VALUES (8140, 5111, 1028);
INSERT INTO Stay (stay_id, guest_id, reservation_id) VALUES (8141, 5047, 1028);
INSERT INTO Stay (stay_id, guest_id, reservation_id) VALUES (8142, 5019, 1028);
INSERT INTO Stay (stay_id, guest_id, reservation_id) VALUES (8143, 5112, 1029);
INSERT INTO Stay (stay_id, guest_id, reservation_id) VALUES (8144, 5010, 1029);
INSERT INTO Stay (stay_id, guest_id, reservation_id) VALUES (8145, 5078, 1029);
INSERT INTO Stay (stay_id, guest_id, reservation_id) VALUES (8146, 5001, 1029);
INSERT INTO Stay (stay_id, guest_id, reservation_id) VALUES (8147, 5086, 1030);
INSERT INTO Stay (stay_id, guest_id, reservation_id) VALUES (8148, 5019, 1030);
INSERT INTO Stay (stay_id, guest_id, reservation_id) VALUES (8149, 5042, 1031);
INSERT INTO Stay (stay_id, guest_id, reservation_id) VALUES (8150, 5022, 1032);
INSERT INTO Stay (stay_id, guest_id, reservation_id) VALUES (8151, 5038, 1032);
INSERT INTO Stay (stay_id, guest_id, reservation_id) VALUES (8152, 5006, 1033);
INSERT INTO Stay (stay_id, guest_id, reservation_id) VALUES (8153, 5013, 1034);
INSERT INTO Stay (stay_id, guest_id, reservation_id) VALUES (8154, 5038, 1034);
INSERT INTO Stay (stay_id, guest_id, reservation_id) VALUES (8155, 5056, 1035);
INSERT INTO Stay (stay_id, guest_id, reservation_id) VALUES (8156, 5023, 1036);
INSERT INTO Stay (stay_id, guest_id, reservation_id) VALUES (8157, 5029, 1036);
INSERT INTO Stay (stay_id, guest_id, reservation_id) VALUES (8158, 5024, 1037);
INSERT INTO Stay (stay_id, guest_id, reservation_id) VALUES (8159, 5108, 1037);
INSERT INTO Stay (stay_id, guest_id, reservation_id) VALUES (8160, 5007, 1037);
INSERT INTO Stay (stay_id, guest_id, reservation_id) VALUES (8161, 5042, 1037);
INSERT INTO Stay (stay_id, guest_id, reservation_id) VALUES (8162, 5109, 1037);
INSERT INTO Stay (stay_id, guest_id, reservation_id) VALUES (8163, 5038, 1037);
INSERT INTO Stay (stay_id, guest_id, reservation_id) VALUES (8164, 5025, 1037);
INSERT INTO Stay (stay_id, guest_id, reservation_id) VALUES (8165, 5072, 1037);
INSERT INTO Stay (stay_id, guest_id, reservation_id) VALUES (8166, 5008, 1037);
INSERT INTO Stay (stay_id, guest_id, reservation_id) VALUES (8167, 5012, 1038);
INSERT INTO Stay (stay_id, guest_id, reservation_id) VALUES (8168, 5051, 1038);
INSERT INTO Stay (stay_id, guest_id, reservation_id) VALUES (8169, 5074, 1038);
INSERT INTO Stay (stay_id, guest_id, reservation_id) VALUES (8170, 5097, 1038);
INSERT INTO Stay (stay_id, guest_id, reservation_id) VALUES (8171, 5091, 1038);
INSERT INTO Stay (stay_id, guest_id, reservation_id) VALUES (8172, 5010, 1038);
INSERT INTO Stay (stay_id, guest_id, reservation_id) VALUES (8173, 5116, 1038);
INSERT INTO Stay (stay_id, guest_id, reservation_id) VALUES (8174, 5087, 1038);
INSERT INTO Stay (stay_id, guest_id, reservation_id) VALUES (8175, 5070, 1038);
INSERT INTO Stay (stay_id, guest_id, reservation_id) VALUES (8176, 5042, 1039);
INSERT INTO Stay (stay_id, guest_id, reservation_id) VALUES (8177, 5017, 1039);
INSERT INTO Stay (stay_id, guest_id, reservation_id) VALUES (8178, 5004, 1039);
INSERT INTO Stay (stay_id, guest_id, reservation_id) VALUES (8179, 5076, 1039);
INSERT INTO Stay (stay_id, guest_id, reservation_id) VALUES (8180, 5012, 1039);
INSERT INTO Stay (stay_id, guest_id, reservation_id) VALUES (8181, 5003, 1039);
INSERT INTO Stay (stay_id, guest_id, reservation_id) VALUES (8182, 5108, 1039);
INSERT INTO Stay (stay_id, guest_id, reservation_id) VALUES (8183, 5031, 1039);
INSERT INTO Stay (stay_id, guest_id, reservation_id) VALUES (8184, 5100, 1039);
INSERT INTO Stay (stay_id, guest_id, reservation_id) VALUES (8185, 5095, 1040);
INSERT INTO Stay (stay_id, guest_id, reservation_id) VALUES (8186, 5024, 1040);
INSERT INTO Stay (stay_id, guest_id, reservation_id) VALUES (8187, 5079, 1040);
INSERT INTO Stay (stay_id, guest_id, reservation_id) VALUES (8188, 5101, 1040);
INSERT INTO Stay (stay_id, guest_id, reservation_id) VALUES (8189, 5106, 1040);
INSERT INTO Stay (stay_id, guest_id, reservation_id) VALUES (8190, 5057, 1040);
INSERT INTO Stay (stay_id, guest_id, reservation_id) VALUES (8191, 5110, 1040);
INSERT INTO Stay (stay_id, guest_id, reservation_id) VALUES (8192, 5016, 1040);
INSERT INTO Stay (stay_id, guest_id, reservation_id) VALUES (8193, 5058, 1040);
INSERT INTO Stay (stay_id, guest_id, reservation_id) VALUES (8194, 5066, 1041);
INSERT INTO Stay (stay_id, guest_id, reservation_id) VALUES (8195, 5030, 1041);
INSERT INTO Stay (stay_id, guest_id, reservation_id) VALUES (8196, 5102, 1041);
INSERT INTO Stay (stay_id, guest_id, reservation_id) VALUES (8197, 5048, 1041);
INSERT INTO Stay (stay_id, guest_id, reservation_id) VALUES (8198, 5061, 1041);
INSERT INTO Stay (stay_id, guest_id, reservation_id) VALUES (8199, 5004, 1041);
INSERT INTO Stay (stay_id, guest_id, reservation_id) VALUES (8200, 5050, 1042);
INSERT INTO Stay (stay_id, guest_id, reservation_id) VALUES (8201, 5113, 1042);
INSERT INTO Stay (stay_id, guest_id, reservation_id) VALUES (8202, 5059, 1043);
INSERT INTO Stay (stay_id, guest_id, reservation_id) VALUES (8203, 5015, 1043);
INSERT INTO Stay (stay_id, guest_id, reservation_id) VALUES (8204, 5008, 1043);
INSERT INTO Stay (stay_id, guest_id, reservation_id) VALUES (8205, 5035, 1043);
INSERT INTO Stay (stay_id, guest_id, reservation_id) VALUES (8206, 5084, 1043);
INSERT INTO Stay (stay_id, guest_id, reservation_id) VALUES (8207, 5005, 1043);
INSERT INTO Stay (stay_id, guest_id, reservation_id) VALUES (8208, 5023, 1044);
INSERT INTO Stay (stay_id, guest_id, reservation_id) VALUES (8209, 5033, 1044);
INSERT INTO Stay (stay_id, guest_id, reservation_id) VALUES (8210, 5050, 1044);
INSERT INTO Stay (stay_id, guest_id, reservation_id) VALUES (8211, 5105, 1044);
INSERT INTO Stay (stay_id, guest_id, reservation_id) VALUES (8212, 5100, 1044);
INSERT INTO Stay (stay_id, guest_id, reservation_id) VALUES (8213, 5022, 1044);
INSERT INTO Stay (stay_id, guest_id, reservation_id) VALUES (8214, 5010, 1044);
INSERT INTO Stay (stay_id, guest_id, reservation_id) VALUES (8215, 5063, 1045);
INSERT INTO Stay (stay_id, guest_id, reservation_id) VALUES (8216, 5080, 1045);
INSERT INTO Stay (stay_id, guest_id, reservation_id) VALUES (8217, 5071, 1046);
INSERT INTO Stay (stay_id, guest_id, reservation_id) VALUES (8218, 5089, 1046);
INSERT INTO Stay (stay_id, guest_id, reservation_id) VALUES (8219, 5083, 1046);
INSERT INTO Stay (stay_id, guest_id, reservation_id) VALUES (8220, 5016, 1046);
INSERT INTO Stay (stay_id, guest_id, reservation_id) VALUES (8221, 5072, 1046);
INSERT INTO Stay (stay_id, guest_id, reservation_id) VALUES (8222, 5014, 1046);
INSERT INTO Stay (stay_id, guest_id, reservation_id) VALUES (8223, 5081, 1047);
INSERT INTO Stay (stay_id, guest_id, reservation_id) VALUES (8224, 5047, 1047);
INSERT INTO Stay (stay_id, guest_id, reservation_id) VALUES (8225, 5065, 1047);
INSERT INTO Stay (stay_id, guest_id, reservation_id) VALUES (8226, 5029, 1047);
INSERT INTO Stay (stay_id, guest_id, reservation_id) VALUES (8227, 5093, 1047);
INSERT INTO Stay (stay_id, guest_id, reservation_id) VALUES (8228, 5040, 1048);
INSERT INTO Stay (stay_id, guest_id, reservation_id) VALUES (8229, 5086, 1049);
INSERT INTO Stay (stay_id, guest_id, reservation_id) VALUES (8230, 5119, 1049);
INSERT INTO Stay (stay_id, guest_id, reservation_id) VALUES (8231, 5102, 1049);
INSERT INTO Stay (stay_id, guest_id, reservation_id) VALUES (8232, 5063, 1049);
INSERT INTO Stay (stay_id, guest_id, reservation_id) VALUES (8233, 5017, 1049);
INSERT INTO Stay (stay_id, guest_id, reservation_id) VALUES (8234, 5108, 1049);
INSERT INTO Stay (stay_id, guest_id, reservation_id) VALUES (8235, 5006, 1049);
INSERT INTO Stay (stay_id, guest_id, reservation_id) VALUES (8236, 5079, 1050);
INSERT INTO Stay (stay_id, guest_id, reservation_id) VALUES (8237, 5113, 1050);
INSERT INTO Stay (stay_id, guest_id, reservation_id) VALUES (8238, 5047, 1050);
INSERT INTO Stay (stay_id, guest_id, reservation_id) VALUES (8239, 5074, 1050);
INSERT INTO Stay (stay_id, guest_id, reservation_id) VALUES (8240, 5048, 1050);
INSERT INTO Stay (stay_id, guest_id, reservation_id) VALUES (8241, 5060, 1050);
INSERT INTO Stay (stay_id, guest_id, reservation_id) VALUES (8242, 5077, 1050);
INSERT INTO Stay (stay_id, guest_id, reservation_id) VALUES (8243, 5025, 1051);
INSERT INTO Stay (stay_id, guest_id, reservation_id) VALUES (8244, 5059, 1051);
INSERT INTO Stay (stay_id, guest_id, reservation_id) VALUES (8245, 5115, 1051);
INSERT INTO Stay (stay_id, guest_id, reservation_id) VALUES (8246, 5054, 1051);
INSERT INTO Stay (stay_id, guest_id, reservation_id) VALUES (8247, 5035, 1051);
INSERT INTO Stay (stay_id, guest_id, reservation_id) VALUES (8248, 5077, 1051);
INSERT INTO Stay (stay_id, guest_id, reservation_id) VALUES (8249, 5007, 1051);
INSERT INTO Stay (stay_id, guest_id, reservation_id) VALUES (8250, 5114, 1052);
INSERT INTO Stay (stay_id, guest_id, reservation_id) VALUES (8251, 5011, 1052);
INSERT INTO Stay (stay_id, guest_id, reservation_id) VALUES (8252, 5065, 1052);
INSERT INTO Stay (stay_id, guest_id, reservation_id) VALUES (8253, 5078, 1052);
INSERT INTO Stay (stay_id, guest_id, reservation_id) VALUES (8254, 5055, 1052);
INSERT INTO Stay (stay_id, guest_id, reservation_id) VALUES (8255, 5006, 1052);
INSERT INTO Stay (stay_id, guest_id, reservation_id) VALUES (8256, 5059, 1052);
INSERT INTO Stay (stay_id, guest_id, reservation_id) VALUES (8257, 5045, 1053);
INSERT INTO Stay (stay_id, guest_id, reservation_id) VALUES (8258, 5096, 1054);
INSERT INTO Stay (stay_id, guest_id, reservation_id) VALUES (8259, 5056, 1054);
INSERT INTO Stay (stay_id, guest_id, reservation_id) VALUES (8260, 5003, 1054);
INSERT INTO Stay (stay_id, guest_id, reservation_id) VALUES (8261, 5012, 1055);
INSERT INTO Stay (stay_id, guest_id, reservation_id) VALUES (8262, 5019, 1055);
INSERT INTO Stay (stay_id, guest_id, reservation_id) VALUES (8263, 5057, 1055);
INSERT INTO Stay (stay_id, guest_id, reservation_id) VALUES (8264, 5052, 1055);
INSERT INTO Stay (stay_id, guest_id, reservation_id) VALUES (8265, 5089, 1055);
INSERT INTO Stay (stay_id, guest_id, reservation_id) VALUES (8266, 5067, 1055);
INSERT INTO Stay (stay_id, guest_id, reservation_id) VALUES (8267, 5057, 1056);
INSERT INTO Stay (stay_id, guest_id, reservation_id) VALUES (8268, 5031, 1056);
INSERT INTO Stay (stay_id, guest_id, reservation_id) VALUES (8269, 5052, 1057);
INSERT INTO Stay (stay_id, guest_id, reservation_id) VALUES (8270, 5054, 1057);
INSERT INTO Stay (stay_id, guest_id, reservation_id) VALUES (8271, 5067, 1057);
INSERT INTO Stay (stay_id, guest_id, reservation_id) VALUES (8272, 5024, 1057);
INSERT INTO Stay (stay_id, guest_id, reservation_id) VALUES (8273, 5014, 1057);
INSERT INTO Stay (stay_id, guest_id, reservation_id) VALUES (8274, 5096, 1057);
INSERT INTO Stay (stay_id, guest_id, reservation_id) VALUES (8275, 5114, 1058);
INSERT INTO Stay (stay_id, guest_id, reservation_id) VALUES (8276, 5035, 1058);
INSERT INTO Stay (stay_id, guest_id, reservation_id) VALUES (8277, 5107, 1058);
INSERT INTO Stay (stay_id, guest_id, reservation_id) VALUES (8278, 5081, 1058);
INSERT INTO Stay (stay_id, guest_id, reservation_id) VALUES (8279, 5097, 1058);
INSERT INTO Stay (stay_id, guest_id, reservation_id) VALUES (8280, 5042, 1059);
INSERT INTO Stay (stay_id, guest_id, reservation_id) VALUES (8281, 5115, 1059);
INSERT INTO Stay (stay_id, guest_id, reservation_id) VALUES (8282, 5113, 1059);
INSERT INTO Stay (stay_id, guest_id, reservation_id) VALUES (8283, 5009, 1060);
INSERT INTO Stay (stay_id, guest_id, reservation_id) VALUES (8284, 5094, 1060);
INSERT INTO Stay (stay_id, guest_id, reservation_id) VALUES (8285, 5069, 1060);
INSERT INTO Stay (stay_id, guest_id, reservation_id) VALUES (8286, 5022, 1060);
INSERT INTO Stay (stay_id, guest_id, reservation_id) VALUES (8287, 5070, 1061);
INSERT INTO Stay (stay_id, guest_id, reservation_id) VALUES (8288, 5007, 1062);
INSERT INTO Stay (stay_id, guest_id, reservation_id) VALUES (8289, 5060, 1062);
INSERT INTO Stay (stay_id, guest_id, reservation_id) VALUES (8290, 5038, 1062);
INSERT INTO Stay (stay_id, guest_id, reservation_id) VALUES (8291, 5092, 1063);
INSERT INTO Stay (stay_id, guest_id, reservation_id) VALUES (8292, 5111, 1063);
INSERT INTO Stay (stay_id, guest_id, reservation_id) VALUES (8293, 5020, 1063);
INSERT INTO Stay (stay_id, guest_id, reservation_id) VALUES (8294, 5012, 1063);
INSERT INTO Stay (stay_id, guest_id, reservation_id) VALUES (8295, 5087, 1064);
INSERT INTO Stay (stay_id, guest_id, reservation_id) VALUES (8296, 5046, 1064);
INSERT INTO Stay (stay_id, guest_id, reservation_id) VALUES (8297, 5022, 1064);
INSERT INTO Stay (stay_id, guest_id, reservation_id) VALUES (8298, 5073, 1065);
INSERT INTO Stay (stay_id, guest_id, reservation_id) VALUES (8299, 5075, 1066);
INSERT INTO Stay (stay_id, guest_id, reservation_id) VALUES (8300, 5079, 1066);
INSERT INTO Stay (stay_id, guest_id, reservation_id) VALUES (8301, 5056, 1066);
INSERT INTO Stay (stay_id, guest_id, reservation_id) VALUES (8302, 5065, 1067);
INSERT INTO Stay (stay_id, guest_id, reservation_id) VALUES (8303, 5075, 1067);
INSERT INTO Stay (stay_id, guest_id, reservation_id) VALUES (8304, 5094, 1067);
INSERT INTO Stay (stay_id, guest_id, reservation_id) VALUES (8305, 5050, 1067);
INSERT INTO Stay (stay_id, guest_id, reservation_id) VALUES (8306, 5038, 1067);
INSERT INTO Stay (stay_id, guest_id, reservation_id) VALUES (8307, 5102, 1067);
INSERT INTO Stay (stay_id, guest_id, reservation_id) VALUES (8308, 5105, 1067);
INSERT INTO Stay (stay_id, guest_id, reservation_id) VALUES (8309, 5049, 1067);
INSERT INTO Stay (stay_id, guest_id, reservation_id) VALUES (8310, 5084, 1067);
INSERT INTO Stay (stay_id, guest_id, reservation_id) VALUES (8311, 5012, 1068);
INSERT INTO Stay (stay_id, guest_id, reservation_id) VALUES (8312, 5092, 1068);
INSERT INTO Stay (stay_id, guest_id, reservation_id) VALUES (8313, 5028, 1069);
INSERT INTO Stay (stay_id, guest_id, reservation_id) VALUES (8314, 5005, 1069);
INSERT INTO Stay (stay_id, guest_id, reservation_id) VALUES (8315, 5087, 1069);
INSERT INTO Stay (stay_id, guest_id, reservation_id) VALUES (8316, 5054, 1069);
INSERT INTO Stay (stay_id, guest_id, reservation_id) VALUES (8317, 5029, 1069);
INSERT INTO Stay (stay_id, guest_id, reservation_id) VALUES (8318, 5022, 1069);
INSERT INTO Stay (stay_id, guest_id, reservation_id) VALUES (8319, 5089, 1069);
INSERT INTO Stay (stay_id, guest_id, reservation_id) VALUES (8320, 5004, 1069);
INSERT INTO Stay (stay_id, guest_id, reservation_id) VALUES (8321, 5008, 1069);
INSERT INTO Stay (stay_id, guest_id, reservation_id) VALUES (8322, 5104, 1070);
INSERT INTO Stay (stay_id, guest_id, reservation_id) VALUES (8323, 5020, 1071);
INSERT INTO Stay (stay_id, guest_id, reservation_id) VALUES (8324, 5076, 1071);
INSERT INTO Stay (stay_id, guest_id, reservation_id) VALUES (8325, 5025, 1072);
INSERT INTO Stay (stay_id, guest_id, reservation_id) VALUES (8326, 5074, 1073);
INSERT INTO Stay (stay_id, guest_id, reservation_id) VALUES (8327, 5085, 1073);
INSERT INTO Stay (stay_id, guest_id, reservation_id) VALUES (8328, 5084, 1073);
INSERT INTO Stay (stay_id, guest_id, reservation_id) VALUES (8329, 5051, 1073);
INSERT INTO Stay (stay_id, guest_id, reservation_id) VALUES (8330, 5078, 1073);
INSERT INTO Stay (stay_id, guest_id, reservation_id) VALUES (8331, 5042, 1074);
INSERT INTO Stay (stay_id, guest_id, reservation_id) VALUES (8332, 5091, 1074);
INSERT INTO Stay (stay_id, guest_id, reservation_id) VALUES (8333, 5061, 1075);
INSERT INTO Stay (stay_id, guest_id, reservation_id) VALUES (8334, 5067, 1075);
INSERT INTO Stay (stay_id, guest_id, reservation_id) VALUES (8335, 5090, 1075);
INSERT INTO Stay (stay_id, guest_id, reservation_id) VALUES (8336, 5073, 1075);
INSERT INTO Stay (stay_id, guest_id, reservation_id) VALUES (8337, 5050, 1075);
INSERT INTO Stay (stay_id, guest_id, reservation_id) VALUES (8338, 5114, 1075);
INSERT INTO Stay (stay_id, guest_id, reservation_id) VALUES (8339, 5107, 1076);
INSERT INTO Stay (stay_id, guest_id, reservation_id) VALUES (8340, 5084, 1076);
INSERT INTO Stay (stay_id, guest_id, reservation_id) VALUES (8341, 5044, 1076);
INSERT INTO Stay (stay_id, guest_id, reservation_id) VALUES (8342, 5094, 1077);
INSERT INTO Stay (stay_id, guest_id, reservation_id) VALUES (8343, 5007, 1077);
INSERT INTO Stay (stay_id, guest_id, reservation_id) VALUES (8344, 5041, 1077);
INSERT INTO Stay (stay_id, guest_id, reservation_id) VALUES (8345, 5077, 1078);
INSERT INTO Stay (stay_id, guest_id, reservation_id) VALUES (8346, 5104, 1078);
INSERT INTO Stay (stay_id, guest_id, reservation_id) VALUES (8347, 5046, 1078);
INSERT INTO Stay (stay_id, guest_id, reservation_id) VALUES (8348, 5003, 1079);
INSERT INTO Stay (stay_id, guest_id, reservation_id) VALUES (8349, 5008, 1079);
INSERT INTO Stay (stay_id, guest_id, reservation_id) VALUES (8350, 5040, 1079);
INSERT INTO Stay (stay_id, guest_id, reservation_id) VALUES (8351, 5002, 1080);
INSERT INTO Stay (stay_id, guest_id, reservation_id) VALUES (8352, 5033, 1081);
INSERT INTO Stay (stay_id, guest_id, reservation_id) VALUES (8353, 5103, 1081);
INSERT INTO Stay (stay_id, guest_id, reservation_id) VALUES (8354, 5078, 1081);
INSERT INTO Stay (stay_id, guest_id, reservation_id) VALUES (8355, 5007, 1081);
INSERT INTO Stay (stay_id, guest_id, reservation_id) VALUES (8356, 5033, 1082);
INSERT INTO Stay (stay_id, guest_id, reservation_id) VALUES (8357, 5045, 1082);
INSERT INTO Stay (stay_id, guest_id, reservation_id) VALUES (8358, 5094, 1082);
INSERT INTO Stay (stay_id, guest_id, reservation_id) VALUES (8359, 5083, 1082);
INSERT INTO Stay (stay_id, guest_id, reservation_id) VALUES (8360, 5044, 1083);
INSERT INTO Stay (stay_id, guest_id, reservation_id) VALUES (8361, 5108, 1083);
INSERT INTO Stay (stay_id, guest_id, reservation_id) VALUES (8362, 5077, 1083);
INSERT INTO Stay (stay_id, guest_id, reservation_id) VALUES (8363, 5002, 1083);
INSERT INTO Stay (stay_id, guest_id, reservation_id) VALUES (8364, 5068, 1084);
INSERT INTO Stay (stay_id, guest_id, reservation_id) VALUES (8365, 5054, 1084);
INSERT INTO Stay (stay_id, guest_id, reservation_id) VALUES (8366, 5119, 1085);
INSERT INTO Stay (stay_id, guest_id, reservation_id) VALUES (8367, 5000, 1086);
INSERT INTO Stay (stay_id, guest_id, reservation_id) VALUES (8368, 5026, 1087);
INSERT INTO Stay (stay_id, guest_id, reservation_id) VALUES (8369, 5085, 1088);
INSERT INTO Stay (stay_id, guest_id, reservation_id) VALUES (8370, 5050, 1088);
INSERT INTO Stay (stay_id, guest_id, reservation_id) VALUES (8371, 5104, 1088);
INSERT INTO Stay (stay_id, guest_id, reservation_id) VALUES (8372, 5016, 1088);
INSERT INTO Stay (stay_id, guest_id, reservation_id) VALUES (8373, 5081, 1088);
INSERT INTO Stay (stay_id, guest_id, reservation_id) VALUES (8374, 5064, 1088);
INSERT INTO Stay (stay_id, guest_id, reservation_id) VALUES (8375, 5098, 1088);
INSERT INTO Stay (stay_id, guest_id, reservation_id) VALUES (8376, 5110, 1088);
INSERT INTO Stay (stay_id, guest_id, reservation_id) VALUES (8377, 5019, 1088);
INSERT INTO Stay (stay_id, guest_id, reservation_id) VALUES (8378, 5085, 1089);
INSERT INTO Stay (stay_id, guest_id, reservation_id) VALUES (8379, 5075, 1089);
INSERT INTO Stay (stay_id, guest_id, reservation_id) VALUES (8380, 5009, 1089);
INSERT INTO Stay (stay_id, guest_id, reservation_id) VALUES (8381, 5082, 1089);
INSERT INTO Stay (stay_id, guest_id, reservation_id) VALUES (8382, 5112, 1089);
INSERT INTO Stay (stay_id, guest_id, reservation_id) VALUES (8383, 5029, 1089);
INSERT INTO Stay (stay_id, guest_id, reservation_id) VALUES (8384, 5094, 1089);
INSERT INTO Stay (stay_id, guest_id, reservation_id) VALUES (8385, 5032, 1090);
INSERT INTO Stay (stay_id, guest_id, reservation_id) VALUES (8386, 5011, 1090);
INSERT INTO Stay (stay_id, guest_id, reservation_id) VALUES (8387, 5017, 1090);
INSERT INTO Stay (stay_id, guest_id, reservation_id) VALUES (8388, 5112, 1090);
INSERT INTO Stay (stay_id, guest_id, reservation_id) VALUES (8389, 5026, 1090);
INSERT INTO Stay (stay_id, guest_id, reservation_id) VALUES (8390, 5018, 1090);
INSERT INTO Stay (stay_id, guest_id, reservation_id) VALUES (8391, 5034, 1090);
INSERT INTO Stay (stay_id, guest_id, reservation_id) VALUES (8392, 5057, 1090);
INSERT INTO Stay (stay_id, guest_id, reservation_id) VALUES (8393, 5040, 1090);
INSERT INTO Stay (stay_id, guest_id, reservation_id) VALUES (8394, 5039, 1091);
INSERT INTO Stay (stay_id, guest_id, reservation_id) VALUES (8395, 5009, 1091);
INSERT INTO Stay (stay_id, guest_id, reservation_id) VALUES (8396, 5064, 1091);
INSERT INTO Stay (stay_id, guest_id, reservation_id) VALUES (8397, 5018, 1091);
INSERT INTO Stay (stay_id, guest_id, reservation_id) VALUES (8398, 5024, 1091);
INSERT INTO Stay (stay_id, guest_id, reservation_id) VALUES (8399, 5044, 1091);
INSERT INTO Stay (stay_id, guest_id, reservation_id) VALUES (8400, 5067, 1091);
INSERT INTO Stay (stay_id, guest_id, reservation_id) VALUES (8401, 5078, 1091);
INSERT INTO Stay (stay_id, guest_id, reservation_id) VALUES (8402, 5117, 1092);
INSERT INTO Stay (stay_id, guest_id, reservation_id) VALUES (8403, 5116, 1092);
INSERT INTO Stay (stay_id, guest_id, reservation_id) VALUES (8404, 5111, 1092);
INSERT INTO Stay (stay_id, guest_id, reservation_id) VALUES (8405, 5026, 1093);
INSERT INTO Stay (stay_id, guest_id, reservation_id) VALUES (8406, 5105, 1093);
INSERT INTO Stay (stay_id, guest_id, reservation_id) VALUES (8407, 5104, 1094);
INSERT INTO Stay (stay_id, guest_id, reservation_id) VALUES (8408, 5038, 1095);
INSERT INTO Stay (stay_id, guest_id, reservation_id) VALUES (8409, 5003, 1095);
INSERT INTO Stay (stay_id, guest_id, reservation_id) VALUES (8410, 5118, 1095);
INSERT INTO Stay (stay_id, guest_id, reservation_id) VALUES (8411, 5019, 1096);
INSERT INTO Stay (stay_id, guest_id, reservation_id) VALUES (8412, 5013, 1096);
INSERT INTO Stay (stay_id, guest_id, reservation_id) VALUES (8413, 5088, 1096);
INSERT INTO Stay (stay_id, guest_id, reservation_id) VALUES (8414, 5000, 1096);
INSERT INTO Stay (stay_id, guest_id, reservation_id) VALUES (8415, 5001, 1096);
INSERT INTO Stay (stay_id, guest_id, reservation_id) VALUES (8416, 5022, 1096);
INSERT INTO Stay (stay_id, guest_id, reservation_id) VALUES (8417, 5113, 1097);
INSERT INTO Stay (stay_id, guest_id, reservation_id) VALUES (8418, 5064, 1097);
INSERT INTO Stay (stay_id, guest_id, reservation_id) VALUES (8419, 5015, 1097);
INSERT INTO Stay (stay_id, guest_id, reservation_id) VALUES (8420, 5115, 1097);
INSERT INTO Stay (stay_id, guest_id, reservation_id) VALUES (8421, 5085, 1097);
INSERT INTO Stay (stay_id, guest_id, reservation_id) VALUES (8422, 5059, 1097);
INSERT INTO Stay (stay_id, guest_id, reservation_id) VALUES (8423, 5103, 1097);
INSERT INTO Stay (stay_id, guest_id, reservation_id) VALUES (8424, 5021, 1097);
INSERT INTO Stay (stay_id, guest_id, reservation_id) VALUES (8425, 5059, 1098);
INSERT INTO Stay (stay_id, guest_id, reservation_id) VALUES (8426, 5103, 1098);
INSERT INTO Stay (stay_id, guest_id, reservation_id) VALUES (8427, 5070, 1098);
INSERT INTO Stay (stay_id, guest_id, reservation_id) VALUES (8428, 5016, 1098);
INSERT INTO Stay (stay_id, guest_id, reservation_id) VALUES (8429, 5075, 1098);
INSERT INTO Stay (stay_id, guest_id, reservation_id) VALUES (8430, 5041, 1098);
INSERT INTO Stay (stay_id, guest_id, reservation_id) VALUES (8431, 5078, 1098);
INSERT INTO Stay (stay_id, guest_id, reservation_id) VALUES (8432, 5037, 1098);
INSERT INTO Stay (stay_id, guest_id, reservation_id) VALUES (8433, 5076, 1099);
INSERT INTO Stay (stay_id, guest_id, reservation_id) VALUES (8434, 5109, 1099);
INSERT INTO Stay (stay_id, guest_id, reservation_id) VALUES (8435, 5065, 1100);
INSERT INTO Stay (stay_id, guest_id, reservation_id) VALUES (8436, 5039, 1100);
INSERT INTO Stay (stay_id, guest_id, reservation_id) VALUES (8437, 5059, 1100);
INSERT INTO Stay (stay_id, guest_id, reservation_id) VALUES (8438, 5022, 1100);
INSERT INTO Stay (stay_id, guest_id, reservation_id) VALUES (8439, 5077, 1100);
INSERT INTO Stay (stay_id, guest_id, reservation_id) VALUES (8440, 5028, 1100);
INSERT INTO Stay (stay_id, guest_id, reservation_id) VALUES (8441, 5060, 1100);
INSERT INTO Stay (stay_id, guest_id, reservation_id) VALUES (8442, 5085, 1100);
INSERT INTO Stay (stay_id, guest_id, reservation_id) VALUES (8443, 5092, 1101);
INSERT INTO Stay (stay_id, guest_id, reservation_id) VALUES (8444, 5033, 1101);
INSERT INTO Stay (stay_id, guest_id, reservation_id) VALUES (8445, 5116, 1101);
INSERT INTO Stay (stay_id, guest_id, reservation_id) VALUES (8446, 5009, 1101);
INSERT INTO Stay (stay_id, guest_id, reservation_id) VALUES (8447, 5062, 1101);
INSERT INTO Stay (stay_id, guest_id, reservation_id) VALUES (8448, 5043, 1101);
INSERT INTO Stay (stay_id, guest_id, reservation_id) VALUES (8449, 5099, 1101);
INSERT INTO Stay (stay_id, guest_id, reservation_id) VALUES (8450, 5005, 1101);
INSERT INTO Stay (stay_id, guest_id, reservation_id) VALUES (8451, 5089, 1102);
INSERT INTO Stay (stay_id, guest_id, reservation_id) VALUES (8452, 5057, 1102);
INSERT INTO Stay (stay_id, guest_id, reservation_id) VALUES (8453, 5023, 1103);
INSERT INTO Stay (stay_id, guest_id, reservation_id) VALUES (8454, 5061, 1103);
INSERT INTO Stay (stay_id, guest_id, reservation_id) VALUES (8455, 5019, 1104);
INSERT INTO Stay (stay_id, guest_id, reservation_id) VALUES (8456, 5108, 1104);
INSERT INTO Stay (stay_id, guest_id, reservation_id) VALUES (8457, 5106, 1104);
INSERT INTO Stay (stay_id, guest_id, reservation_id) VALUES (8458, 5118, 1104);
INSERT INTO Stay (stay_id, guest_id, reservation_id) VALUES (8459, 5045, 1104);
INSERT INTO Stay (stay_id, guest_id, reservation_id) VALUES (8460, 5051, 1104);
INSERT INTO Stay (stay_id, guest_id, reservation_id) VALUES (8461, 5077, 1104);
INSERT INTO Stay (stay_id, guest_id, reservation_id) VALUES (8462, 5100, 1104);
INSERT INTO Stay (stay_id, guest_id, reservation_id) VALUES (8463, 5009, 1105);
INSERT INTO Stay (stay_id, guest_id, reservation_id) VALUES (8464, 5098, 1105);
INSERT INTO Stay (stay_id, guest_id, reservation_id) VALUES (8465, 5095, 1105);
INSERT INTO Stay (stay_id, guest_id, reservation_id) VALUES (8466, 5014, 1105);
INSERT INTO Stay (stay_id, guest_id, reservation_id) VALUES (8467, 5002, 1105);
INSERT INTO Stay (stay_id, guest_id, reservation_id) VALUES (8468, 5010, 1105);
INSERT INTO Stay (stay_id, guest_id, reservation_id) VALUES (8469, 5027, 1105);
INSERT INTO Stay (stay_id, guest_id, reservation_id) VALUES (8470, 5038, 1105);
INSERT INTO Stay (stay_id, guest_id, reservation_id) VALUES (8471, 5048, 1106);
INSERT INTO Stay (stay_id, guest_id, reservation_id) VALUES (8472, 5091, 1106);
INSERT INTO Stay (stay_id, guest_id, reservation_id) VALUES (8473, 5098, 1106);
INSERT INTO Stay (stay_id, guest_id, reservation_id) VALUES (8474, 5000, 1106);
INSERT INTO Stay (stay_id, guest_id, reservation_id) VALUES (8475, 5034, 1106);
INSERT INTO Stay (stay_id, guest_id, reservation_id) VALUES (8476, 5116, 1106);
INSERT INTO Stay (stay_id, guest_id, reservation_id) VALUES (8477, 5115, 1106);
INSERT INTO Stay (stay_id, guest_id, reservation_id) VALUES (8478, 5010, 1107);
INSERT INTO Stay (stay_id, guest_id, reservation_id) VALUES (8479, 5106, 1107);
INSERT INTO Stay (stay_id, guest_id, reservation_id) VALUES (8480, 5097, 1108);
INSERT INTO Stay (stay_id, guest_id, reservation_id) VALUES (8481, 5046, 1108);
INSERT INTO Stay (stay_id, guest_id, reservation_id) VALUES (8482, 5066, 1109);
INSERT INTO Stay (stay_id, guest_id, reservation_id) VALUES (8483, 5080, 1109);
INSERT INTO Stay (stay_id, guest_id, reservation_id) VALUES (8484, 5018, 1109);
INSERT INTO Stay (stay_id, guest_id, reservation_id) VALUES (8485, 5089, 1110);
INSERT INTO Stay (stay_id, guest_id, reservation_id) VALUES (8486, 5014, 1110);
INSERT INTO Stay (stay_id, guest_id, reservation_id) VALUES (8487, 5038, 1110);
INSERT INTO Stay (stay_id, guest_id, reservation_id) VALUES (8488, 5006, 1110);
INSERT INTO Stay (stay_id, guest_id, reservation_id) VALUES (8489, 5046, 1110);
INSERT INTO Stay (stay_id, guest_id, reservation_id) VALUES (8490, 5105, 1110);
INSERT INTO Stay (stay_id, guest_id, reservation_id) VALUES (8491, 5083, 1110);
INSERT INTO Stay (stay_id, guest_id, reservation_id) VALUES (8492, 5023, 1110);
INSERT INTO Stay (stay_id, guest_id, reservation_id) VALUES (8493, 5019, 1110);
INSERT INTO Stay (stay_id, guest_id, reservation_id) VALUES (8494, 5102, 1110);
INSERT INTO Stay (stay_id, guest_id, reservation_id) VALUES (8495, 5057, 1111);
INSERT INTO Stay (stay_id, guest_id, reservation_id) VALUES (8496, 5023, 1111);
INSERT INTO Stay (stay_id, guest_id, reservation_id) VALUES (8497, 5096, 1111);
INSERT INTO Stay (stay_id, guest_id, reservation_id) VALUES (8498, 5059, 1111);
INSERT INTO Stay (stay_id, guest_id, reservation_id) VALUES (8499, 5044, 1111);
INSERT INTO Stay (stay_id, guest_id, reservation_id) VALUES (8500, 5077, 1111);
INSERT INTO Stay (stay_id, guest_id, reservation_id) VALUES (8501, 5061, 1111);
INSERT INTO Stay (stay_id, guest_id, reservation_id) VALUES (8502, 5032, 1111);
INSERT INTO Stay (stay_id, guest_id, reservation_id) VALUES (8503, 5001, 1111);
INSERT INTO Stay (stay_id, guest_id, reservation_id) VALUES (8504, 5118, 1112);
INSERT INTO Stay (stay_id, guest_id, reservation_id) VALUES (8505, 5047, 1112);
INSERT INTO Stay (stay_id, guest_id, reservation_id) VALUES (8506, 5034, 1112);
INSERT INTO Stay (stay_id, guest_id, reservation_id) VALUES (8507, 5095, 1112);
INSERT INTO Stay (stay_id, guest_id, reservation_id) VALUES (8508, 5089, 1112);
INSERT INTO Stay (stay_id, guest_id, reservation_id) VALUES (8509, 5069, 1112);
INSERT INTO Stay (stay_id, guest_id, reservation_id) VALUES (8510, 5099, 1112);
INSERT INTO Stay (stay_id, guest_id, reservation_id) VALUES (8511, 5048, 1112);
INSERT INTO Stay (stay_id, guest_id, reservation_id) VALUES (8512, 5049, 1112);
INSERT INTO Stay (stay_id, guest_id, reservation_id) VALUES (8513, 5020, 1112);
INSERT INTO Stay (stay_id, guest_id, reservation_id) VALUES (8514, 5072, 1113);
INSERT INTO Stay (stay_id, guest_id, reservation_id) VALUES (8515, 5036, 1113);
INSERT INTO Stay (stay_id, guest_id, reservation_id) VALUES (8516, 5076, 1114);
INSERT INTO Stay (stay_id, guest_id, reservation_id) VALUES (8517, 5117, 1114);
INSERT INTO Stay (stay_id, guest_id, reservation_id) VALUES (8518, 5000, 1114);
INSERT INTO Stay (stay_id, guest_id, reservation_id) VALUES (8519, 5078, 1114);
INSERT INTO Stay (stay_id, guest_id, reservation_id) VALUES (8520, 5095, 1115);
INSERT INTO Stay (stay_id, guest_id, reservation_id) VALUES (8521, 5027, 1115);
INSERT INTO Stay (stay_id, guest_id, reservation_id) VALUES (8522, 5046, 1115);
INSERT INTO Stay (stay_id, guest_id, reservation_id) VALUES (8523, 5035, 1115);
INSERT INTO OfficialRenter (stay_id, card_num) VALUES (8000, 201955466);
INSERT INTO OfficialRenter (stay_id, card_num) VALUES (8001, 553096939);
INSERT INTO OfficialRenter (stay_id, card_num) VALUES (8003, 1717606570);
INSERT INTO OfficialRenter (stay_id, card_num) VALUES (8004, 996044037);
INSERT INTO OfficialRenter (stay_id, card_num) VALUES (8005, 1303448554);
INSERT INTO OfficialRenter (stay_id, card_num) VALUES (8007, 1723301282);
INSERT INTO OfficialRenter (stay_id, card_num) VALUES (8009, 1106472452);
INSERT INTO OfficialRenter (stay_id, card_num) VALUES (8016, 983578718);
INSERT INTO OfficialRenter (stay_id, card_num) VALUES (8023, 1270650029);
INSERT INTO OfficialRenter (stay_id, card_num) VALUES (8030, 568672436);
INSERT INTO OfficialRenter (stay_id, card_num) VALUES (8036, 422321600);
INSERT INTO OfficialRenter (stay_id, card_num) VALUES (8042, 1919726381);
INSERT INTO OfficialRenter (stay_id, card_num) VALUES (8043, 478615593);
INSERT INTO OfficialRenter (stay_id, card_num) VALUES (8051, 1628057389);
INSERT INTO OfficialRenter (stay_id, card_num) VALUES (8057, 1348024894);
INSERT INTO OfficialRenter (stay_id, card_num) VALUES (8065, 1904559227);
INSERT INTO OfficialRenter (stay_id, card_num) VALUES (8069, 661285613);
INSERT INTO OfficialRenter (stay_id, card_num) VALUES (8076, 1011390639);
INSERT INTO OfficialRenter (stay_id, card_num) VALUES (8084, 1879671038);
INSERT INTO OfficialRenter (stay_id, card_num) VALUES (8086, 602281219);
INSERT INTO OfficialRenter (stay_id, card_num) VALUES (8090, 268100136);
INSERT INTO OfficialRenter (stay_id, card_num) VALUES (8096, 1214067371);
INSERT INTO OfficialRenter (stay_id, card_num) VALUES (8102, 282650853);
INSERT INTO OfficialRenter (stay_id, card_num) VALUES (8108, 1194532789);
INSERT INTO OfficialRenter (stay_id, card_num) VALUES (8114, 1790963343);
INSERT INTO OfficialRenter (stay_id, card_num) VALUES (8121, 956470170);
INSERT INTO OfficialRenter (stay_id, card_num) VALUES (8128, 1592978933);
INSERT INTO OfficialRenter (stay_id, card_num) VALUES (8130, 550522036);
INSERT INTO OfficialRenter (stay_id, card_num) VALUES (8136, 1176720342);
INSERT INTO OfficialRenter (stay_id, card_num) VALUES (8143, 234752519);
INSERT INTO OfficialRenter (stay_id, card_num) VALUES (8147, 1387303106);
INSERT INTO OfficialRenter (stay_id, card_num) VALUES (8149, 395053570);
INSERT INTO OfficialRenter (stay_id, card_num) VALUES (8150, 1661375282);
INSERT INTO OfficialRenter (stay_id, card_num) VALUES (8152, 1884099257);
INSERT INTO OfficialRenter (stay_id, card_num) VALUES (8153, 1577798405);
INSERT INTO OfficialRenter (stay_id, card_num) VALUES (8155, 1516151709);
INSERT INTO OfficialRenter (stay_id, card_num) VALUES (8156, 703352145);
INSERT INTO OfficialRenter (stay_id, card_num) VALUES (8158, 1039094739);
INSERT INTO OfficialRenter (stay_id, card_num) VALUES (8167, 495270076);
INSERT INTO OfficialRenter (stay_id, card_num) VALUES (8176, 1234315660);
INSERT INTO OfficialRenter (stay_id, card_num) VALUES (8185, 958183456);
INSERT INTO OfficialRenter (stay_id, card_num) VALUES (8194, 602744755);
INSERT INTO OfficialRenter (stay_id, card_num) VALUES (8200, 1787706975);
INSERT INTO OfficialRenter (stay_id, card_num) VALUES (8202, 733236820);
INSERT INTO OfficialRenter (stay_id, card_num) VALUES (8208, 1654831188);
INSERT INTO OfficialRenter (stay_id, card_num) VALUES (8215, 381974797);
INSERT INTO OfficialRenter (stay_id, card_num) VALUES (8217, 1788002785);
INSERT INTO OfficialRenter (stay_id, card_num) VALUES (8223, 1617850221);
INSERT INTO OfficialRenter (stay_id, card_num) VALUES (8228, 377730954);
INSERT INTO OfficialRenter (stay_id, card_num) VALUES (8229, 1867873669);
INSERT INTO OfficialRenter (stay_id, card_num) VALUES (8236, 1869091755);
INSERT INTO OfficialRenter (stay_id, card_num) VALUES (8243, 786884786);
INSERT INTO OfficialRenter (stay_id, card_num) VALUES (8250, 189956270);
INSERT INTO OfficialRenter (stay_id, card_num) VALUES (8257, 1208016063);
INSERT INTO OfficialRenter (stay_id, card_num) VALUES (8258, 880957541);
INSERT INTO OfficialRenter (stay_id, card_num) VALUES (8261, 1232411594);
INSERT INTO OfficialRenter (stay_id, card_num) VALUES (8267, 1570368763);
INSERT INTO OfficialRenter (stay_id, card_num) VALUES (8269, 158228188);
INSERT INTO OfficialRenter (stay_id, card_num) VALUES (8275, 731337661);
INSERT INTO OfficialRenter (stay_id, card_num) VALUES (8280, 541738332);
INSERT INTO OfficialRenter (stay_id, card_num) VALUES (8283, 581102502);
INSERT INTO OfficialRenter (stay_id, card_num) VALUES (8287, 721802444);
INSERT INTO OfficialRenter (stay_id, card_num) VALUES (8288, 973677020);
INSERT INTO OfficialRenter (stay_id, card_num) VALUES (8291, 1106496353);
INSERT INTO OfficialRenter (stay_id, card_num) VALUES (8295, 1727487650);
INSERT INTO OfficialRenter (stay_id, card_num) VALUES (8298, 468096960);
INSERT INTO OfficialRenter (stay_id, card_num) VALUES (8299, 306002707);
INSERT INTO OfficialRenter (stay_id, card_num) VALUES (8302, 1495586044);
INSERT INTO OfficialRenter (stay_id, card_num) VALUES (8311, 499516605);
INSERT INTO OfficialRenter (stay_id, card_num) VALUES (8313, 623008518);
INSERT INTO OfficialRenter (stay_id, card_num) VALUES (8322, 1457831541);
INSERT INTO OfficialRenter (stay_id, card_num) VALUES (8323, 122628940);
INSERT INTO OfficialRenter (stay_id, card_num) VALUES (8325, 1243473938);
INSERT INTO OfficialRenter (stay_id, card_num) VALUES (8326, 805589548);
INSERT INTO OfficialRenter (stay_id, card_num) VALUES (8331, 1880314549);
INSERT INTO OfficialRenter (stay_id, card_num) VALUES (8333, 763141226);
INSERT INTO OfficialRenter (stay_id, card_num) VALUES (8339, 436160866);
INSERT INTO OfficialRenter (stay_id, card_num) VALUES (8342, 732712619);
INSERT INTO OfficialRenter (stay_id, card_num) VALUES (8345, 1739788060);
INSERT INTO OfficialRenter (stay_id, card_num) VALUES (8348, 1479113804);
INSERT INTO OfficialRenter (stay_id, card_num) VALUES (8351, 881813979);
INSERT INTO OfficialRenter (stay_id, card_num) VALUES (8352, 180073917);
INSERT INTO OfficialRenter (stay_id, card_num) VALUES (8356, 214696724);
INSERT INTO OfficialRenter (stay_id, card_num) VALUES (8360, 347896477);
INSERT INTO OfficialRenter (stay_id, card_num) VALUES (8364, 864807823);
INSERT INTO OfficialRenter (stay_id, card_num) VALUES (8366, 1448548257);
INSERT INTO OfficialRenter (stay_id, card_num) VALUES (8367, 1735236958);
INSERT INTO OfficialRenter (stay_id, card_num) VALUES (8368, 1640356101);
INSERT INTO OfficialRenter (stay_id, card_num) VALUES (8369, 647874533);
INSERT INTO OfficialRenter (stay_id, card_num) VALUES (8378, 834116282);
INSERT INTO OfficialRenter (stay_id, card_num) VALUES (8385, 1664025506);
INSERT INTO OfficialRenter (stay_id, card_num) VALUES (8394, 1037235578);
INSERT INTO OfficialRenter (stay_id, card_num) VALUES (8402, 448830770);
INSERT INTO OfficialRenter (stay_id, card_num) VALUES (8405, 1486326870);
INSERT INTO OfficialRenter (stay_id, card_num) VALUES (8407, 785949153);
INSERT INTO OfficialRenter (stay_id, card_num) VALUES (8408, 1011909823);
INSERT INTO OfficialRenter (stay_id, card_num) VALUES (8411, 223182385);
INSERT INTO OfficialRenter (stay_id, card_num) VALUES (8417, 425029988);
INSERT INTO OfficialRenter (stay_id, card_num) VALUES (8425, 321131693);
INSERT INTO OfficialRenter (stay_id, card_num) VALUES (8433, 1936140586);
INSERT INTO OfficialRenter (stay_id, card_num) VALUES (8435, 535424190);
INSERT INTO OfficialRenter (stay_id, card_num) VALUES (8443, 1432166429);
INSERT INTO OfficialRenter (stay_id, card_num) VALUES (8451, 168371357);
INSERT INTO OfficialRenter (stay_id, card_num) VALUES (8453, 1322522106);
INSERT INTO OfficialRenter (stay_id, card_num) VALUES (8455, 620891602);
INSERT INTO OfficialRenter (stay_id, card_num) VALUES (8463, 631415056);
INSERT INTO OfficialRenter (stay_id, card_num) VALUES (8471, 578530605);
INSERT INTO OfficialRenter (stay_id, card_num) VALUES (8478, 1881804390);
INSERT INTO OfficialRenter (stay_id, card_num) VALUES (8480, 759775369);
INSERT INTO OfficialRenter (stay_id, card_num) VALUES (8482, 932610497);
INSERT INTO OfficialRenter (stay_id, card_num) VALUES (8485, 1220381129);
INSERT INTO OfficialRenter (stay_id, card_num) VALUES (8495, 1747692685);
INSERT INTO OfficialRenter (stay_id, card_num) VALUES (8504, 1097018267);
INSERT INTO OfficialRenter (stay_id, card_num) VALUES (8514, 1580500427);
INSERT INTO OfficialRenter (stay_id, card_num) VALUES (8516, 1747564189);
INSERT INTO OfficialRenter (stay_id, card_num) VALUES (8520, 324450551);
INSERT INTO Billing (billing_id, reservation_id, week_start, price) VALUES (9000, 1000, DATE '2026-02-07', 825.86);
INSERT INTO Billing (billing_id, reservation_id, week_start, price) VALUES (9001, 1000, DATE '2026-02-14', 825.86);
INSERT INTO Billing (billing_id, reservation_id, week_start, price) VALUES (9002, 1001, DATE '2026-09-05', 917.62);
INSERT INTO Billing (billing_id, reservation_id, week_start, price) VALUES (9003, 1002, DATE '2026-12-05', 1055.26);
INSERT INTO Billing (billing_id, reservation_id, week_start, price) VALUES (9004, 1003, DATE '2026-12-19', 1055.26);
INSERT INTO Billing (billing_id, reservation_id, week_start, price) VALUES (9005, 1003, DATE '2026-12-26', 1055.26);
INSERT INTO Billing (billing_id, reservation_id, week_start, price) VALUES (9006, 1004, DATE '2026-05-16', 917.62);
INSERT INTO Billing (billing_id, reservation_id, week_start, price) VALUES (9007, 1005, DATE '2025-05-03', 917.62);
INSERT INTO Billing (billing_id, reservation_id, week_start, price) VALUES (9008, 1005, DATE '2025-05-10', 917.62);
INSERT INTO Billing (billing_id, reservation_id, week_start, price) VALUES (9009, 1006, DATE '2026-06-06', 6521.24);
INSERT INTO Billing (billing_id, reservation_id, week_start, price) VALUES (9010, 1006, DATE '2026-06-13', 6521.24);
INSERT INTO Billing (billing_id, reservation_id, week_start, price) VALUES (9011, 1007, DATE '2025-10-25', 5016.34);
INSERT INTO Billing (billing_id, reservation_id, week_start, price) VALUES (9012, 1007, DATE '2025-11-01', 5016.34);
INSERT INTO Billing (billing_id, reservation_id, week_start, price) VALUES (9013, 1008, DATE '2025-11-29', 5016.34);
INSERT INTO Billing (billing_id, reservation_id, week_start, price) VALUES (9014, 1008, DATE '2025-12-06', 5768.79);
INSERT INTO Billing (billing_id, reservation_id, week_start, price) VALUES (9015, 1009, DATE '2025-07-19', 6521.24);
INSERT INTO Billing (billing_id, reservation_id, week_start, price) VALUES (9016, 1009, DATE '2025-07-26', 6521.24);
INSERT INTO Billing (billing_id, reservation_id, week_start, price) VALUES (9017, 1010, DATE '2026-10-17', 5016.34);
INSERT INTO Billing (billing_id, reservation_id, week_start, price) VALUES (9018, 1010, DATE '2026-10-24', 5016.34);
INSERT INTO Billing (billing_id, reservation_id, week_start, price) VALUES (9019, 1011, DATE '2025-08-09', 6521.24);
INSERT INTO Billing (billing_id, reservation_id, week_start, price) VALUES (9020, 1011, DATE '2025-08-16', 6521.24);
INSERT INTO Billing (billing_id, reservation_id, week_start, price) VALUES (9021, 1012, DATE '2026-01-03', 5323.31);
INSERT INTO Billing (billing_id, reservation_id, week_start, price) VALUES (9022, 1013, DATE '2026-06-27', 7689.23);
INSERT INTO Billing (billing_id, reservation_id, week_start, price) VALUES (9023, 1014, DATE '2026-03-14', 5914.79);
INSERT INTO Billing (billing_id, reservation_id, week_start, price) VALUES (9024, 1014, DATE '2026-03-21', 5914.79);
INSERT INTO Billing (billing_id, reservation_id, week_start, price) VALUES (9025, 1015, DATE '2026-01-17', 5323.31);
INSERT INTO Billing (billing_id, reservation_id, week_start, price) VALUES (9026, 1015, DATE '2026-01-24', 5323.31);
INSERT INTO Billing (billing_id, reservation_id, week_start, price) VALUES (9027, 1016, DATE '2025-08-16', 7689.23);
INSERT INTO Billing (billing_id, reservation_id, week_start, price) VALUES (9028, 1017, DATE '2026-05-02', 5914.79);
INSERT INTO Billing (billing_id, reservation_id, week_start, price) VALUES (9029, 1018, DATE '2026-08-08', 1690.87);
INSERT INTO Billing (billing_id, reservation_id, week_start, price) VALUES (9030, 1019, DATE '2025-06-14', 1690.87);
INSERT INTO Billing (billing_id, reservation_id, week_start, price) VALUES (9031, 1020, DATE '2026-02-07', 1170.6);
INSERT INTO Billing (billing_id, reservation_id, week_start, price) VALUES (9032, 1021, DATE '2025-12-06', 1495.77);
INSERT INTO Billing (billing_id, reservation_id, week_start, price) VALUES (9033, 1021, DATE '2025-12-13', 1495.77);
INSERT INTO Billing (billing_id, reservation_id, week_start, price) VALUES (9034, 1022, DATE '2025-03-08', 1300.67);
INSERT INTO Billing (billing_id, reservation_id, week_start, price) VALUES (9035, 1022, DATE '2025-03-15', 1300.67);
INSERT INTO Billing (billing_id, reservation_id, week_start, price) VALUES (9036, 1023, DATE '2025-02-01', 1170.6);
INSERT INTO Billing (billing_id, reservation_id, week_start, price) VALUES (9037, 1024, DATE '2025-02-22', 4353.43);
INSERT INTO Billing (billing_id, reservation_id, week_start, price) VALUES (9038, 1024, DATE '2025-03-01', 4837.14);
INSERT INTO Billing (billing_id, reservation_id, week_start, price) VALUES (9039, 1025, DATE '2026-04-04', 4837.14);
INSERT INTO Billing (billing_id, reservation_id, week_start, price) VALUES (9040, 1026, DATE '2026-08-08', 6288.28);
INSERT INTO Billing (billing_id, reservation_id, week_start, price) VALUES (9041, 1027, DATE '2027-01-23', 4353.43);
INSERT INTO Billing (billing_id, reservation_id, week_start, price) VALUES (9042, 1027, DATE '2027-01-30', 4353.43);
INSERT INTO Billing (billing_id, reservation_id, week_start, price) VALUES (9043, 1028, DATE '2026-08-29', 6288.28);
INSERT INTO Billing (billing_id, reservation_id, week_start, price) VALUES (9044, 1028, DATE '2026-09-05', 4837.14);
INSERT INTO Billing (billing_id, reservation_id, week_start, price) VALUES (9045, 1029, DATE '2025-10-18', 4837.14);
INSERT INTO Billing (billing_id, reservation_id, week_start, price) VALUES (9046, 1030, DATE '2025-10-04', 1734.07);
INSERT INTO Billing (billing_id, reservation_id, week_start, price) VALUES (9047, 1031, DATE '2025-09-06', 1734.07);
INSERT INTO Billing (billing_id, reservation_id, week_start, price) VALUES (9048, 1032, DATE '2025-11-22', 1734.07);
INSERT INTO Billing (billing_id, reservation_id, week_start, price) VALUES (9049, 1032, DATE '2025-11-29', 1734.07);
INSERT INTO Billing (billing_id, reservation_id, week_start, price) VALUES (9050, 1033, DATE '2026-01-17', 1560.66);
INSERT INTO Billing (billing_id, reservation_id, week_start, price) VALUES (9051, 1033, DATE '2026-01-24', 1560.66);
INSERT INTO Billing (billing_id, reservation_id, week_start, price) VALUES (9052, 1034, DATE '2025-03-08', 1734.07);
INSERT INTO Billing (billing_id, reservation_id, week_start, price) VALUES (9053, 1035, DATE '2026-11-07', 1734.07);
INSERT INTO Billing (billing_id, reservation_id, week_start, price) VALUES (9054, 1035, DATE '2026-11-14', 1734.07);
INSERT INTO Billing (billing_id, reservation_id, week_start, price) VALUES (9055, 1036, DATE '2026-10-24', 3476.35);
INSERT INTO Billing (billing_id, reservation_id, week_start, price) VALUES (9056, 1036, DATE '2026-10-31', 3476.35);
INSERT INTO Billing (billing_id, reservation_id, week_start, price) VALUES (9057, 1037, DATE '2026-01-10', 3128.72);
INSERT INTO Billing (billing_id, reservation_id, week_start, price) VALUES (9058, 1037, DATE '2026-01-17', 3128.72);
INSERT INTO Billing (billing_id, reservation_id, week_start, price) VALUES (9059, 1038, DATE '2026-04-25', 3476.35);
INSERT INTO Billing (billing_id, reservation_id, week_start, price) VALUES (9060, 1038, DATE '2026-05-02', 3476.35);
INSERT INTO Billing (billing_id, reservation_id, week_start, price) VALUES (9061, 1039, DATE '2025-01-18', 3128.72);
INSERT INTO Billing (billing_id, reservation_id, week_start, price) VALUES (9062, 1039, DATE '2025-01-25', 3128.72);
INSERT INTO Billing (billing_id, reservation_id, week_start, price) VALUES (9063, 1040, DATE '2026-08-15', 4519.26);
INSERT INTO Billing (billing_id, reservation_id, week_start, price) VALUES (9064, 1040, DATE '2026-08-22', 4519.26);
INSERT INTO Billing (billing_id, reservation_id, week_start, price) VALUES (9065, 1041, DATE '2026-05-09', 3476.35);
INSERT INTO Billing (billing_id, reservation_id, week_start, price) VALUES (9066, 1041, DATE '2026-05-16', 3476.35);
INSERT INTO Billing (billing_id, reservation_id, week_start, price) VALUES (9067, 1042, DATE '2025-01-04', 2622.01);
INSERT INTO Billing (billing_id, reservation_id, week_start, price) VALUES (9068, 1042, DATE '2025-01-11', 2622.01);
INSERT INTO Billing (billing_id, reservation_id, week_start, price) VALUES (9069, 1043, DATE '2025-12-13', 3350.35);
INSERT INTO Billing (billing_id, reservation_id, week_start, price) VALUES (9070, 1044, DATE '2026-06-27', 3787.36);
INSERT INTO Billing (billing_id, reservation_id, week_start, price) VALUES (9071, 1045, DATE '2026-10-24', 2913.35);
INSERT INTO Billing (billing_id, reservation_id, week_start, price) VALUES (9072, 1046, DATE '2027-01-30', 2622.01);
INSERT INTO Billing (billing_id, reservation_id, week_start, price) VALUES (9073, 1046, DATE '2027-02-06', 2622.01);
INSERT INTO Billing (billing_id, reservation_id, week_start, price) VALUES (9074, 1047, DATE '2026-12-26', 3350.35);
INSERT INTO Billing (billing_id, reservation_id, week_start, price) VALUES (9075, 1047, DATE '2027-01-02', 2622.01);
INSERT INTO Billing (billing_id, reservation_id, week_start, price) VALUES (9076, 1048, DATE '2027-01-30', 3693.18);
INSERT INTO Billing (billing_id, reservation_id, week_start, price) VALUES (9077, 1048, DATE '2027-02-06', 3693.18);
INSERT INTO Billing (billing_id, reservation_id, week_start, price) VALUES (9078, 1049, DATE '2025-03-29', 4103.53);
INSERT INTO Billing (billing_id, reservation_id, week_start, price) VALUES (9079, 1050, DATE '2025-07-26', 5334.59);
INSERT INTO Billing (billing_id, reservation_id, week_start, price) VALUES (9080, 1051, DATE '2026-09-05', 4103.53);
INSERT INTO Billing (billing_id, reservation_id, week_start, price) VALUES (9081, 1052, DATE '2026-08-01', 5334.59);
INSERT INTO Billing (billing_id, reservation_id, week_start, price) VALUES (9082, 1053, DATE '2026-08-08', 5334.59);
INSERT INTO Billing (billing_id, reservation_id, week_start, price) VALUES (9083, 1053, DATE '2026-08-15', 5334.59);
INSERT INTO Billing (billing_id, reservation_id, week_start, price) VALUES (9084, 1054, DATE '2025-01-18', 1012.14);
INSERT INTO Billing (billing_id, reservation_id, week_start, price) VALUES (9085, 1055, DATE '2026-02-21', 1012.14);
INSERT INTO Billing (billing_id, reservation_id, week_start, price) VALUES (9086, 1056, DATE '2026-05-02', 1124.6);
INSERT INTO Billing (billing_id, reservation_id, week_start, price) VALUES (9087, 1056, DATE '2026-05-09', 1124.6);
INSERT INTO Billing (billing_id, reservation_id, week_start, price) VALUES (9088, 1057, DATE '2025-04-19', 1124.6);
INSERT INTO Billing (billing_id, reservation_id, week_start, price) VALUES (9089, 1057, DATE '2025-04-26', 1124.6);
INSERT INTO Billing (billing_id, reservation_id, week_start, price) VALUES (9090, 1058, DATE '2026-12-26', 1293.29);
INSERT INTO Billing (billing_id, reservation_id, week_start, price) VALUES (9091, 1058, DATE '2027-01-02', 1012.14);
INSERT INTO Billing (billing_id, reservation_id, week_start, price) VALUES (9092, 1059, DATE '2025-08-09', 1461.98);
INSERT INTO Billing (billing_id, reservation_id, week_start, price) VALUES (9093, 1059, DATE '2025-08-16', 1461.98);
INSERT INTO Billing (billing_id, reservation_id, week_start, price) VALUES (9094, 1060, DATE '2026-11-14', 3190.77);
INSERT INTO Billing (billing_id, reservation_id, week_start, price) VALUES (9095, 1060, DATE '2026-11-21', 3190.77);
INSERT INTO Billing (billing_id, reservation_id, week_start, price) VALUES (9096, 1061, DATE '2025-01-11', 2871.69);
INSERT INTO Billing (billing_id, reservation_id, week_start, price) VALUES (9097, 1062, DATE '2026-12-26', 3669.39);
INSERT INTO Billing (billing_id, reservation_id, week_start, price) VALUES (9098, 1062, DATE '2027-01-02', 2871.69);
INSERT INTO Billing (billing_id, reservation_id, week_start, price) VALUES (9099, 1063, DATE '2026-03-28', 3190.77);
INSERT INTO Billing (billing_id, reservation_id, week_start, price) VALUES (9100, 1064, DATE '2025-03-22', 3190.77);
INSERT INTO Billing (billing_id, reservation_id, week_start, price) VALUES (9101, 1064, DATE '2025-03-29', 3190.77);
INSERT INTO Billing (billing_id, reservation_id, week_start, price) VALUES (9102, 1065, DATE '2026-12-05', 3669.39);
INSERT INTO Billing (billing_id, reservation_id, week_start, price) VALUES (9103, 1065, DATE '2026-12-12', 3669.39);
INSERT INTO Billing (billing_id, reservation_id, week_start, price) VALUES (9104, 1066, DATE '2025-12-13', 5000.59);
INSERT INTO Billing (billing_id, reservation_id, week_start, price) VALUES (9105, 1066, DATE '2025-12-20', 5000.59);
INSERT INTO Billing (billing_id, reservation_id, week_start, price) VALUES (9106, 1067, DATE '2026-06-13', 5652.84);
INSERT INTO Billing (billing_id, reservation_id, week_start, price) VALUES (9107, 1067, DATE '2026-06-20', 5652.84);
INSERT INTO Billing (billing_id, reservation_id, week_start, price) VALUES (9108, 1068, DATE '2025-05-24', 4348.34);
INSERT INTO Billing (billing_id, reservation_id, week_start, price) VALUES (9109, 1069, DATE '2025-06-21', 5652.84);
INSERT INTO Billing (billing_id, reservation_id, week_start, price) VALUES (9110, 1069, DATE '2025-06-28', 5652.84);
INSERT INTO Billing (billing_id, reservation_id, week_start, price) VALUES (9111, 1070, DATE '2025-05-10', 4348.34);
INSERT INTO Billing (billing_id, reservation_id, week_start, price) VALUES (9112, 1070, DATE '2025-05-17', 4348.34);
INSERT INTO Billing (billing_id, reservation_id, week_start, price) VALUES (9113, 1071, DATE '2026-07-25', 5652.84);
INSERT INTO Billing (billing_id, reservation_id, week_start, price) VALUES (9114, 1071, DATE '2026-08-01', 5652.84);
INSERT INTO Billing (billing_id, reservation_id, week_start, price) VALUES (9115, 1072, DATE '2026-03-21', 1963.62);
INSERT INTO Billing (billing_id, reservation_id, week_start, price) VALUES (9116, 1073, DATE '2027-01-30', 1767.26);
INSERT INTO Billing (billing_id, reservation_id, week_start, price) VALUES (9117, 1074, DATE '2026-08-15', 2552.71);
INSERT INTO Billing (billing_id, reservation_id, week_start, price) VALUES (9118, 1075, DATE '2026-12-26', 2258.16);
INSERT INTO Billing (billing_id, reservation_id, week_start, price) VALUES (9119, 1075, DATE '2027-01-02', 1767.26);
INSERT INTO Billing (billing_id, reservation_id, week_start, price) VALUES (9120, 1076, DATE '2025-05-17', 1628.51);
INSERT INTO Billing (billing_id, reservation_id, week_start, price) VALUES (9121, 1076, DATE '2025-05-24', 1628.51);
INSERT INTO Billing (billing_id, reservation_id, week_start, price) VALUES (9122, 1077, DATE '2025-03-08', 1628.51);
INSERT INTO Billing (billing_id, reservation_id, week_start, price) VALUES (9123, 1077, DATE '2025-03-15', 1628.51);
INSERT INTO Billing (billing_id, reservation_id, week_start, price) VALUES (9124, 1078, DATE '2026-12-26', 1872.79);
INSERT INTO Billing (billing_id, reservation_id, week_start, price) VALUES (9125, 1079, DATE '2025-03-22', 1628.51);
INSERT INTO Billing (billing_id, reservation_id, week_start, price) VALUES (9126, 1080, DATE '2026-10-31', 2528.68);
INSERT INTO Billing (billing_id, reservation_id, week_start, price) VALUES (9127, 1080, DATE '2026-11-07', 2528.68);
INSERT INTO Billing (billing_id, reservation_id, week_start, price) VALUES (9128, 1081, DATE '2025-03-15', 2528.68);
INSERT INTO Billing (billing_id, reservation_id, week_start, price) VALUES (9129, 1082, DATE '2026-01-31', 2275.81);
INSERT INTO Billing (billing_id, reservation_id, week_start, price) VALUES (9130, 1083, DATE '2027-01-30', 2275.81);
INSERT INTO Billing (billing_id, reservation_id, week_start, price) VALUES (9131, 1083, DATE '2027-02-06', 2275.81);
INSERT INTO Billing (billing_id, reservation_id, week_start, price) VALUES (9132, 1084, DATE '2025-04-26', 1379.33);
INSERT INTO Billing (billing_id, reservation_id, week_start, price) VALUES (9133, 1085, DATE '2026-05-02', 1379.33);
INSERT INTO Billing (billing_id, reservation_id, week_start, price) VALUES (9134, 1085, DATE '2026-05-09', 1379.33);
INSERT INTO Billing (billing_id, reservation_id, week_start, price) VALUES (9135, 1086, DATE '2026-10-03', 1379.33);
INSERT INTO Billing (billing_id, reservation_id, week_start, price) VALUES (9136, 1086, DATE '2026-10-10', 1379.33);
INSERT INTO Billing (billing_id, reservation_id, week_start, price) VALUES (9137, 1087, DATE '2026-09-19', 1379.33);
INSERT INTO Billing (billing_id, reservation_id, week_start, price) VALUES (9138, 1088, DATE '2025-01-11', 2516.34);
INSERT INTO Billing (billing_id, reservation_id, week_start, price) VALUES (9139, 1088, DATE '2025-01-18', 2516.34);
INSERT INTO Billing (billing_id, reservation_id, week_start, price) VALUES (9140, 1089, DATE '2026-11-28', 2795.93);
INSERT INTO Billing (billing_id, reservation_id, week_start, price) VALUES (9141, 1089, DATE '2026-12-05', 3215.32);
INSERT INTO Billing (billing_id, reservation_id, week_start, price) VALUES (9142, 1090, DATE '2025-02-08', 2516.34);
INSERT INTO Billing (billing_id, reservation_id, week_start, price) VALUES (9143, 1091, DATE '2026-04-25', 2795.93);
INSERT INTO Billing (billing_id, reservation_id, week_start, price) VALUES (9144, 1091, DATE '2026-05-02', 2795.93);
INSERT INTO Billing (billing_id, reservation_id, week_start, price) VALUES (9145, 1092, DATE '2025-07-05', 3246.66);
INSERT INTO Billing (billing_id, reservation_id, week_start, price) VALUES (9146, 1092, DATE '2025-07-12', 3246.66);
INSERT INTO Billing (billing_id, reservation_id, week_start, price) VALUES (9147, 1093, DATE '2026-07-04', 3246.66);
INSERT INTO Billing (billing_id, reservation_id, week_start, price) VALUES (9148, 1093, DATE '2026-07-11', 3246.66);
INSERT INTO Billing (billing_id, reservation_id, week_start, price) VALUES (9149, 1094, DATE '2026-07-18', 3246.66);
INSERT INTO Billing (billing_id, reservation_id, week_start, price) VALUES (9150, 1095, DATE '2027-01-30', 2247.69);
INSERT INTO Billing (billing_id, reservation_id, week_start, price) VALUES (9151, 1095, DATE '2027-02-06', 2247.69);
INSERT INTO Billing (billing_id, reservation_id, week_start, price) VALUES (9152, 1096, DATE '2026-10-31', 5694.38);
INSERT INTO Billing (billing_id, reservation_id, week_start, price) VALUES (9153, 1097, DATE '2025-08-16', 7402.69);
INSERT INTO Billing (billing_id, reservation_id, week_start, price) VALUES (9154, 1098, DATE '2025-05-10', 5694.38);
INSERT INTO Billing (billing_id, reservation_id, week_start, price) VALUES (9155, 1098, DATE '2025-05-17', 5694.38);
INSERT INTO Billing (billing_id, reservation_id, week_start, price) VALUES (9156, 1099, DATE '2025-10-04', 5694.38);
INSERT INTO Billing (billing_id, reservation_id, week_start, price) VALUES (9157, 1100, DATE '2026-10-03', 2854.32);
INSERT INTO Billing (billing_id, reservation_id, week_start, price) VALUES (9158, 1100, DATE '2026-10-10', 2854.32);
INSERT INTO Billing (billing_id, reservation_id, week_start, price) VALUES (9159, 1101, DATE '2025-11-08', 2854.32);
INSERT INTO Billing (billing_id, reservation_id, week_start, price) VALUES (9160, 1101, DATE '2025-11-15', 2854.32);
INSERT INTO Billing (billing_id, reservation_id, week_start, price) VALUES (9161, 1102, DATE '2025-09-27', 2854.32);
INSERT INTO Billing (billing_id, reservation_id, week_start, price) VALUES (9162, 1103, DATE '2026-04-04', 2854.32);
INSERT INTO Billing (billing_id, reservation_id, week_start, price) VALUES (9163, 1103, DATE '2026-04-11', 2854.32);
INSERT INTO Billing (billing_id, reservation_id, week_start, price) VALUES (9164, 1104, DATE '2026-01-17', 4409.94);
INSERT INTO Billing (billing_id, reservation_id, week_start, price) VALUES (9165, 1105, DATE '2026-05-02', 4899.93);
INSERT INTO Billing (billing_id, reservation_id, week_start, price) VALUES (9166, 1106, DATE '2026-07-18', 6369.91);
INSERT INTO Billing (billing_id, reservation_id, week_start, price) VALUES (9167, 1107, DATE '2026-10-31', 4282.15);
INSERT INTO Billing (billing_id, reservation_id, week_start, price) VALUES (9168, 1107, DATE '2026-11-07', 4282.15);
INSERT INTO Billing (billing_id, reservation_id, week_start, price) VALUES (9169, 1108, DATE '2025-03-22', 4282.15);
INSERT INTO Billing (billing_id, reservation_id, week_start, price) VALUES (9170, 1108, DATE '2025-03-29', 4282.15);
INSERT INTO Billing (billing_id, reservation_id, week_start, price) VALUES (9171, 1109, DATE '2025-07-26', 5566.8);
INSERT INTO Billing (billing_id, reservation_id, week_start, price) VALUES (9172, 1110, DATE '2025-02-08', 2744.73);
INSERT INTO Billing (billing_id, reservation_id, week_start, price) VALUES (9173, 1110, DATE '2025-02-15', 2744.73);
INSERT INTO Billing (billing_id, reservation_id, week_start, price) VALUES (9174, 1111, DATE '2026-01-31', 2744.73);
INSERT INTO Billing (billing_id, reservation_id, week_start, price) VALUES (9175, 1111, DATE '2026-02-07', 2744.73);
INSERT INTO Billing (billing_id, reservation_id, week_start, price) VALUES (9176, 1112, DATE '2026-10-17', 3049.7);
INSERT INTO Billing (billing_id, reservation_id, week_start, price) VALUES (9177, 1113, DATE '2025-03-01', 4108.48);
INSERT INTO Billing (billing_id, reservation_id, week_start, price) VALUES (9178, 1114, DATE '2026-10-24', 4108.48);
INSERT INTO Billing (billing_id, reservation_id, week_start, price) VALUES (9179, 1115, DATE '2025-02-15', 3697.63);
INSERT INTO Billing (billing_id, reservation_id, week_start, price) VALUES (9180, 1115, DATE '2025-02-22', 3697.63);
INSERT INTO RatingHost (stay_id, star_rating) VALUES (8000, 5);
INSERT INTO RatingHost (stay_id, star_rating) VALUES (8001, 5);
INSERT INTO RatingHost (stay_id, star_rating) VALUES (8003, 5);
INSERT INTO RatingHost (stay_id, star_rating) VALUES (8004, 5);
INSERT INTO RatingHost (stay_id, star_rating) VALUES (8005, 5);
INSERT INTO RatingHost (stay_id, star_rating) VALUES (8007, 5);
INSERT INTO RatingHost (stay_id, star_rating) VALUES (8009, 5);
INSERT INTO RatingHost (stay_id, star_rating) VALUES (8016, 5);
INSERT INTO RatingHost (stay_id, star_rating) VALUES (8023, 5);
INSERT INTO RatingHost (stay_id, star_rating) VALUES (8030, 5);
INSERT INTO RatingHost (stay_id, star_rating) VALUES (8036, 5);
INSERT INTO RatingHost (stay_id, star_rating) VALUES (8042, 5);
INSERT INTO RatingHost (stay_id, star_rating) VALUES (8043, 5);
INSERT INTO RatingHost (stay_id, star_rating) VALUES (8051, 5);
INSERT INTO RatingHost (stay_id, star_rating) VALUES (8057, 5);
INSERT INTO RatingHost (stay_id, star_rating) VALUES (8065, 5);
INSERT INTO RatingHost (stay_id, star_rating) VALUES (8069, 5);
INSERT INTO RatingHost (stay_id, star_rating) VALUES (8076, 5);
INSERT INTO RatingHost (stay_id, star_rating) VALUES (8084, 5);
INSERT INTO RatingHost (stay_id, star_rating) VALUES (8086, 5);
INSERT INTO RatingHost (stay_id, star_rating) VALUES (8090, 5);
INSERT INTO RatingHost (stay_id, star_rating) VALUES (8096, 5);
INSERT INTO RatingHost (stay_id, star_rating) VALUES (8102, 5);
INSERT INTO RatingHost (stay_id, star_rating) VALUES (8108, 5);
INSERT INTO RatingHost (stay_id, star_rating) VALUES (8114, 5);
INSERT INTO RatingHost (stay_id, star_rating) VALUES (8121, 5);
INSERT INTO RatingHost (stay_id, star_rating) VALUES (8128, 5);
INSERT INTO RatingHost (stay_id, star_rating) VALUES (8130, 5);
INSERT INTO RatingHost (stay_id, star_rating) VALUES (8136, 5);
INSERT INTO RatingHost (stay_id, star_rating) VALUES (8143, 5);
INSERT INTO RatingHost (stay_id, star_rating) VALUES (8147, 5);
INSERT INTO RatingHost (stay_id, star_rating) VALUES (8149, 5);
INSERT INTO RatingHost (stay_id, star_rating) VALUES (8150, 5);
INSERT INTO RatingHost (stay_id, star_rating) VALUES (8152, 5);
INSERT INTO RatingHost (stay_id, star_rating) VALUES (8153, 5);
INSERT INTO RatingHost (stay_id, star_rating) VALUES (8155, 5);
INSERT INTO RatingHost (stay_id, star_rating) VALUES (8156, 5);
INSERT INTO RatingHost (stay_id, star_rating) VALUES (8158, 5);
INSERT INTO RatingHost (stay_id, star_rating) VALUES (8167, 5);
INSERT INTO RatingHost (stay_id, star_rating) VALUES (8176, 5);
INSERT INTO RatingHost (stay_id, star_rating) VALUES (8185, 5);
INSERT INTO RatingHost (stay_id, star_rating) VALUES (8194, 5);
INSERT INTO RatingHost (stay_id, star_rating) VALUES (8200, 5);
INSERT INTO RatingHost (stay_id, star_rating) VALUES (8202, 5);
INSERT INTO RatingHost (stay_id, star_rating) VALUES (8208, 5);
INSERT INTO RatingHost (stay_id, star_rating) VALUES (8215, 5);
INSERT INTO RatingHost (stay_id, star_rating) VALUES (8217, 5);
INSERT INTO RatingHost (stay_id, star_rating) VALUES (8223, 5);
INSERT INTO RatingHost (stay_id, star_rating) VALUES (8228, 5);
INSERT INTO RatingHost (stay_id, star_rating) VALUES (8229, 5);
INSERT INTO RatingHost (stay_id, star_rating) VALUES (8236, 5);
INSERT INTO RatingHost (stay_id, star_rating) VALUES (8243, 5);
INSERT INTO RatingHost (stay_id, star_rating) VALUES (8250, 5);
INSERT INTO RatingHost (stay_id, star_rating) VALUES (8257, 5);
INSERT INTO RatingHost (stay_id, star_rating) VALUES (8258, 5);
INSERT INTO RatingHost (stay_id, star_rating) VALUES (8261, 5);
INSERT INTO RatingHost (stay_id, star_rating) VALUES (8267, 5);
INSERT INTO RatingHost (stay_id, star_rating) VALUES (8269, 5);
INSERT INTO RatingHost (stay_id, star_rating) VALUES (8275, 5);
INSERT INTO RatingHost (stay_id, star_rating) VALUES (8280, 5);
INSERT INTO RatingHost (stay_id, star_rating) VALUES (8283, 5);
INSERT INTO RatingHost (stay_id, star_rating) VALUES (8287, 5);
INSERT INTO RatingHost (stay_id, star_rating) VALUES (8288, 5);
INSERT INTO RatingHost (stay_id, star_rating) VALUES (8291, 5);
INSERT INTO RatingHost (stay_id, star_rating) VALUES (8295, 5);
INSERT INTO RatingHost (stay_id, star_rating) VALUES (8298, 5);
INSERT INTO RatingHost (stay_id, star_rating) VALUES (8299, 5);
INSERT INTO RatingHost (stay_id, star_rating) VALUES (8302, 5);
INSERT INTO RatingHost (stay_id, star_rating) VALUES (8311, 5);
INSERT INTO RatingHost (stay_id, star_rating) VALUES (8313, 5);
INSERT INTO RatingHost (stay_id, star_rating) VALUES (8322, 5);
INSERT INTO RatingHost (stay_id, star_rating) VALUES (8323, 5);
INSERT INTO RatingHost (stay_id, star_rating) VALUES (8325, 3);
INSERT INTO RatingHost (stay_id, star_rating) VALUES (8326, 3);
INSERT INTO RatingHost (stay_id, star_rating) VALUES (8331, 4);
INSERT INTO RatingHost (stay_id, star_rating) VALUES (8333, 4);
INSERT INTO RatingHost (stay_id, star_rating) VALUES (8339, 3);
INSERT INTO RatingHost (stay_id, star_rating) VALUES (8342, 4);
INSERT INTO RatingHost (stay_id, star_rating) VALUES (8345, 3);
INSERT INTO RatingHost (stay_id, star_rating) VALUES (8348, 2);
INSERT INTO RatingHost (stay_id, star_rating) VALUES (8351, 3);
INSERT INTO RatingHost (stay_id, star_rating) VALUES (8352, 4);
INSERT INTO RatingHost (stay_id, star_rating) VALUES (8356, 2);
INSERT INTO RatingHost (stay_id, star_rating) VALUES (8360, 3);
INSERT INTO RatingHost (stay_id, star_rating) VALUES (8364, 3);
INSERT INTO RatingHost (stay_id, star_rating) VALUES (8366, 3);
INSERT INTO RatingHost (stay_id, star_rating) VALUES (8367, 2);
INSERT INTO RatingHost (stay_id, star_rating) VALUES (8368, 2);
INSERT INTO RatingHost (stay_id, star_rating) VALUES (8369, 4);
INSERT INTO RatingHost (stay_id, star_rating) VALUES (8378, 4);
INSERT INTO RatingHost (stay_id, star_rating) VALUES (8385, 3);
INSERT INTO RatingHost (stay_id, star_rating) VALUES (8394, 3);
INSERT INTO RatingHost (stay_id, star_rating) VALUES (8402, 3);
INSERT INTO RatingHost (stay_id, star_rating) VALUES (8405, 4);
INSERT INTO RatingHost (stay_id, star_rating) VALUES (8407, 4);
INSERT INTO RatingHost (stay_id, star_rating) VALUES (8408, 3);
INSERT INTO RatingHost (stay_id, star_rating) VALUES (8411, 3);
INSERT INTO RatingHost (stay_id, star_rating) VALUES (8417, 3);
INSERT INTO RatingHost (stay_id, star_rating) VALUES (8425, 3);
INSERT INTO RatingHost (stay_id, star_rating) VALUES (8433, 4);
INSERT INTO RatingHost (stay_id, star_rating) VALUES (8435, 4);
INSERT INTO RatingHost (stay_id, star_rating) VALUES (8443, 3);
INSERT INTO RatingHost (stay_id, star_rating) VALUES (8451, 4);
INSERT INTO RatingHost (stay_id, star_rating) VALUES (8453, 2);
INSERT INTO RatingHost (stay_id, star_rating) VALUES (8455, 4);
INSERT INTO RatingHost (stay_id, star_rating) VALUES (8463, 2);
INSERT INTO RatingHost (stay_id, star_rating) VALUES (8471, 3);
INSERT INTO RatingHost (stay_id, star_rating) VALUES (8478, 3);
INSERT INTO RatingHost (stay_id, star_rating) VALUES (8480, 4);
INSERT INTO RatingHost (stay_id, star_rating) VALUES (8482, 4);
INSERT INTO RatingHost (stay_id, star_rating) VALUES (8485, 2);
INSERT INTO RatingHost (stay_id, star_rating) VALUES (8495, 4);
INSERT INTO RatingHost (stay_id, star_rating) VALUES (8504, 3);
INSERT INTO RatingHost (stay_id, star_rating) VALUES (8514, 3);
INSERT INTO RatingHost (stay_id, star_rating) VALUES (8516, 2);
INSERT INTO RatingHost (stay_id, star_rating) VALUES (8520, 4);
INSERT INTO RatingProperty (stay_id, rating_id, star_rating) VALUES (8000, 12000, 2);
INSERT INTO RatingProperty (stay_id, rating_id, star_rating) VALUES (8001, 12001, 4);
INSERT INTO RatingProperty (stay_id, rating_id, star_rating) VALUES (8002, 12002, 2);
INSERT INTO RatingProperty (stay_id, rating_id, star_rating) VALUES (8003, 12003, 2);
INSERT INTO RatingProperty (stay_id, rating_id, star_rating) VALUES (8004, 12004, 5);
INSERT INTO RatingProperty (stay_id, rating_id, star_rating) VALUES (8005, 12005, 3);
INSERT INTO RatingProperty (stay_id, rating_id, star_rating) VALUES (8006, 12006, 2);
INSERT INTO RatingProperty (stay_id, rating_id, star_rating) VALUES (8007, 12007, 2);
INSERT INTO RatingProperty (stay_id, rating_id, star_rating) VALUES (8008, 12008, 4);
INSERT INTO RatingProperty (stay_id, rating_id, star_rating) VALUES (8009, 12009, 4);
INSERT INTO RatingProperty (stay_id, rating_id, star_rating) VALUES (8010, 12010, 5);
INSERT INTO RatingProperty (stay_id, rating_id, star_rating) VALUES (8011, 12011, 2);
INSERT INTO RatingProperty (stay_id, rating_id, star_rating) VALUES (8012, 12012, 4);
INSERT INTO RatingProperty (stay_id, rating_id, star_rating) VALUES (8013, 12013, 2);
INSERT INTO RatingProperty (stay_id, rating_id, star_rating) VALUES (8014, 12014, 3);
INSERT INTO RatingProperty (stay_id, rating_id, star_rating) VALUES (8015, 12015, 4);
INSERT INTO RatingProperty (stay_id, rating_id, star_rating) VALUES (8016, 12016, 3);
INSERT INTO RatingProperty (stay_id, rating_id, star_rating) VALUES (8017, 12017, 4);
INSERT INTO RatingProperty (stay_id, rating_id, star_rating) VALUES (8018, 12018, 3);
INSERT INTO RatingProperty (stay_id, rating_id, star_rating) VALUES (8019, 12019, 5);
INSERT INTO RatingProperty (stay_id, rating_id, star_rating) VALUES (8020, 12020, 4);
INSERT INTO RatingProperty (stay_id, rating_id, star_rating) VALUES (8021, 12021, 2);
INSERT INTO RatingProperty (stay_id, rating_id, star_rating) VALUES (8022, 12022, 5);
INSERT INTO RatingProperty (stay_id, rating_id, star_rating) VALUES (8023, 12023, 3);
INSERT INTO RatingProperty (stay_id, rating_id, star_rating) VALUES (8024, 12024, 2);
INSERT INTO RatingProperty (stay_id, rating_id, star_rating) VALUES (8025, 12025, 5);
INSERT INTO RatingProperty (stay_id, rating_id, star_rating) VALUES (8026, 12026, 2);
INSERT INTO RatingProperty (stay_id, rating_id, star_rating) VALUES (8027, 12027, 4);
INSERT INTO RatingProperty (stay_id, rating_id, star_rating) VALUES (8028, 12028, 4);
INSERT INTO RatingProperty (stay_id, rating_id, star_rating) VALUES (8029, 12029, 3);
INSERT INTO RatingProperty (stay_id, rating_id, star_rating) VALUES (8030, 12030, 2);
INSERT INTO RatingProperty (stay_id, rating_id, star_rating) VALUES (8031, 12031, 5);
INSERT INTO RatingProperty (stay_id, rating_id, star_rating) VALUES (8032, 12032, 3);
INSERT INTO RatingProperty (stay_id, rating_id, star_rating) VALUES (8033, 12033, 3);
INSERT INTO RatingProperty (stay_id, rating_id, star_rating) VALUES (8034, 12034, 2);
INSERT INTO RatingProperty (stay_id, rating_id, star_rating) VALUES (8035, 12035, 5);
INSERT INTO RatingProperty (stay_id, rating_id, star_rating) VALUES (8036, 12036, 3);
INSERT INTO RatingProperty (stay_id, rating_id, star_rating) VALUES (8037, 12037, 5);
INSERT INTO RatingProperty (stay_id, rating_id, star_rating) VALUES (8038, 12038, 4);
INSERT INTO RatingProperty (stay_id, rating_id, star_rating) VALUES (8039, 12039, 4);
INSERT INTO RatingProperty (stay_id, rating_id, star_rating) VALUES (8040, 12040, 4);
INSERT INTO RatingProperty (stay_id, rating_id, star_rating) VALUES (8041, 12041, 5);
INSERT INTO RatingProperty (stay_id, rating_id, star_rating) VALUES (8042, 12042, 3);
INSERT INTO RatingProperty (stay_id, rating_id, star_rating) VALUES (8043, 12043, 4);
INSERT INTO RatingProperty (stay_id, rating_id, star_rating) VALUES (8044, 12044, 5);
INSERT INTO RatingProperty (stay_id, rating_id, star_rating) VALUES (8045, 12045, 4);
INSERT INTO RatingProperty (stay_id, rating_id, star_rating) VALUES (8046, 12046, 5);
INSERT INTO RatingProperty (stay_id, rating_id, star_rating) VALUES (8047, 12047, 5);
INSERT INTO RatingProperty (stay_id, rating_id, star_rating) VALUES (8048, 12048, 4);
INSERT INTO RatingProperty (stay_id, rating_id, star_rating) VALUES (8049, 12049, 2);
INSERT INTO RatingProperty (stay_id, rating_id, star_rating) VALUES (8050, 12050, 2);
INSERT INTO RatingProperty (stay_id, rating_id, star_rating) VALUES (8051, 12051, 5);
INSERT INTO RatingProperty (stay_id, rating_id, star_rating) VALUES (8052, 12052, 2);
INSERT INTO RatingProperty (stay_id, rating_id, star_rating) VALUES (8053, 12053, 5);
INSERT INTO RatingProperty (stay_id, rating_id, star_rating) VALUES (8054, 12054, 3);
INSERT INTO RatingProperty (stay_id, rating_id, star_rating) VALUES (8055, 12055, 3);
INSERT INTO RatingProperty (stay_id, rating_id, star_rating) VALUES (8056, 12056, 2);
INSERT INTO RatingProperty (stay_id, rating_id, star_rating) VALUES (8057, 12057, 2);
INSERT INTO RatingProperty (stay_id, rating_id, star_rating) VALUES (8058, 12058, 3);
INSERT INTO RatingProperty (stay_id, rating_id, star_rating) VALUES (8059, 12059, 3);
INSERT INTO RatingProperty (stay_id, rating_id, star_rating) VALUES (8060, 12060, 4);
INSERT INTO RatingProperty (stay_id, rating_id, star_rating) VALUES (8061, 12061, 4);
INSERT INTO RatingProperty (stay_id, rating_id, star_rating) VALUES (8062, 12062, 2);
INSERT INTO RatingProperty (stay_id, rating_id, star_rating) VALUES (8063, 12063, 4);
INSERT INTO RatingProperty (stay_id, rating_id, star_rating) VALUES (8064, 12064, 3);
INSERT INTO RatingProperty (stay_id, rating_id, star_rating) VALUES (8065, 12065, 2);
INSERT INTO RatingProperty (stay_id, rating_id, star_rating) VALUES (8066, 12066, 2);
INSERT INTO RatingProperty (stay_id, rating_id, star_rating) VALUES (8067, 12067, 4);
INSERT INTO RatingProperty (stay_id, rating_id, star_rating) VALUES (8068, 12068, 3);
INSERT INTO RatingProperty (stay_id, rating_id, star_rating) VALUES (8069, 12069, 2);
INSERT INTO RatingProperty (stay_id, rating_id, star_rating) VALUES (8070, 12070, 4);
INSERT INTO RatingProperty (stay_id, rating_id, star_rating) VALUES (8071, 12071, 3);
INSERT INTO RatingProperty (stay_id, rating_id, star_rating) VALUES (8072, 12072, 3);
INSERT INTO RatingProperty (stay_id, rating_id, star_rating) VALUES (8073, 12073, 2);
INSERT INTO RatingProperty (stay_id, rating_id, star_rating) VALUES (8074, 12074, 3);
INSERT INTO RatingProperty (stay_id, rating_id, star_rating) VALUES (8075, 12075, 2);
INSERT INTO RatingProperty (stay_id, rating_id, star_rating) VALUES (8076, 12076, 2);
INSERT INTO RatingProperty (stay_id, rating_id, star_rating) VALUES (8077, 12077, 2);
INSERT INTO RatingProperty (stay_id, rating_id, star_rating) VALUES (8078, 12078, 5);
INSERT INTO RatingProperty (stay_id, rating_id, star_rating) VALUES (8079, 12079, 3);
INSERT INTO RatingProperty (stay_id, rating_id, star_rating) VALUES (8080, 12080, 4);
INSERT INTO RatingProperty (stay_id, rating_id, star_rating) VALUES (8081, 12081, 5);
INSERT INTO RatingProperty (stay_id, rating_id, star_rating) VALUES (8082, 12082, 4);
INSERT INTO RatingProperty (stay_id, rating_id, star_rating) VALUES (8083, 12083, 5);
INSERT INTO RatingProperty (stay_id, rating_id, star_rating) VALUES (8084, 12084, 2);
INSERT INTO RatingProperty (stay_id, rating_id, star_rating) VALUES (8085, 12085, 3);
INSERT INTO RatingProperty (stay_id, rating_id, star_rating) VALUES (8086, 12086, 2);
INSERT INTO RatingProperty (stay_id, rating_id, star_rating) VALUES (8087, 12087, 5);
INSERT INTO RatingProperty (stay_id, rating_id, star_rating) VALUES (8088, 12088, 2);
INSERT INTO RatingProperty (stay_id, rating_id, star_rating) VALUES (8089, 12089, 4);
INSERT INTO RatingProperty (stay_id, rating_id, star_rating) VALUES (8090, 12090, 5);
INSERT INTO RatingProperty (stay_id, rating_id, star_rating) VALUES (8091, 12091, 5);
INSERT INTO RatingProperty (stay_id, rating_id, star_rating) VALUES (8092, 12092, 5);
INSERT INTO RatingProperty (stay_id, rating_id, star_rating) VALUES (8093, 12093, 3);
INSERT INTO RatingProperty (stay_id, rating_id, star_rating) VALUES (8094, 12094, 3);
INSERT INTO RatingProperty (stay_id, rating_id, star_rating) VALUES (8095, 12095, 2);
INSERT INTO RatingProperty (stay_id, rating_id, star_rating) VALUES (8096, 12096, 4);
INSERT INTO RatingProperty (stay_id, rating_id, star_rating) VALUES (8097, 12097, 2);
INSERT INTO RatingProperty (stay_id, rating_id, star_rating) VALUES (8098, 12098, 4);
INSERT INTO RatingProperty (stay_id, rating_id, star_rating) VALUES (8099, 12099, 3);
INSERT INTO RatingProperty (stay_id, rating_id, star_rating) VALUES (8100, 12100, 4);
INSERT INTO RatingProperty (stay_id, rating_id, star_rating) VALUES (8101, 12101, 2);
INSERT INTO RatingProperty (stay_id, rating_id, star_rating) VALUES (8102, 12102, 4);
INSERT INTO RatingProperty (stay_id, rating_id, star_rating) VALUES (8103, 12103, 5);
INSERT INTO RatingProperty (stay_id, rating_id, star_rating) VALUES (8104, 12104, 4);
INSERT INTO RatingProperty (stay_id, rating_id, star_rating) VALUES (8105, 12105, 2);
INSERT INTO RatingProperty (stay_id, rating_id, star_rating) VALUES (8106, 12106, 2);
INSERT INTO RatingProperty (stay_id, rating_id, star_rating) VALUES (8107, 12107, 3);
INSERT INTO RatingProperty (stay_id, rating_id, star_rating) VALUES (8108, 12108, 5);
INSERT INTO RatingProperty (stay_id, rating_id, star_rating) VALUES (8109, 12109, 4);
INSERT INTO RatingProperty (stay_id, rating_id, star_rating) VALUES (8110, 12110, 2);
INSERT INTO RatingProperty (stay_id, rating_id, star_rating) VALUES (8111, 12111, 2);
INSERT INTO RatingProperty (stay_id, rating_id, star_rating) VALUES (8112, 12112, 4);
INSERT INTO RatingProperty (stay_id, rating_id, star_rating) VALUES (8113, 12113, 5);
INSERT INTO RatingProperty (stay_id, rating_id, star_rating) VALUES (8114, 12114, 3);
INSERT INTO RatingProperty (stay_id, rating_id, star_rating) VALUES (8115, 12115, 4);
INSERT INTO RatingProperty (stay_id, rating_id, star_rating) VALUES (8116, 12116, 4);
INSERT INTO RatingProperty (stay_id, rating_id, star_rating) VALUES (8117, 12117, 2);
INSERT INTO RatingProperty (stay_id, rating_id, star_rating) VALUES (8118, 12118, 4);
INSERT INTO RatingProperty (stay_id, rating_id, star_rating) VALUES (8119, 12119, 4);
INSERT INTO RatingProperty (stay_id, rating_id, star_rating) VALUES (8120, 12120, 4);
INSERT INTO RatingProperty (stay_id, rating_id, star_rating) VALUES (8121, 12121, 5);
INSERT INTO RatingProperty (stay_id, rating_id, star_rating) VALUES (8122, 12122, 2);
INSERT INTO RatingProperty (stay_id, rating_id, star_rating) VALUES (8123, 12123, 5);
INSERT INTO RatingProperty (stay_id, rating_id, star_rating) VALUES (8124, 12124, 5);
INSERT INTO RatingProperty (stay_id, rating_id, star_rating) VALUES (8125, 12125, 4);
INSERT INTO RatingProperty (stay_id, rating_id, star_rating) VALUES (8126, 12126, 3);
INSERT INTO RatingProperty (stay_id, rating_id, star_rating) VALUES (8127, 12127, 4);
INSERT INTO RatingProperty (stay_id, rating_id, star_rating) VALUES (8128, 12128, 3);
INSERT INTO RatingProperty (stay_id, rating_id, star_rating) VALUES (8129, 12129, 5);
INSERT INTO RatingProperty (stay_id, rating_id, star_rating) VALUES (8130, 12130, 3);
INSERT INTO RatingProperty (stay_id, rating_id, star_rating) VALUES (8131, 12131, 2);
INSERT INTO RatingProperty (stay_id, rating_id, star_rating) VALUES (8132, 12132, 4);
INSERT INTO RatingProperty (stay_id, rating_id, star_rating) VALUES (8133, 12133, 5);
INSERT INTO RatingProperty (stay_id, rating_id, star_rating) VALUES (8134, 12134, 5);
INSERT INTO RatingProperty (stay_id, rating_id, star_rating) VALUES (8135, 12135, 3);
INSERT INTO RatingProperty (stay_id, rating_id, star_rating) VALUES (8136, 12136, 3);
INSERT INTO RatingProperty (stay_id, rating_id, star_rating) VALUES (8137, 12137, 3);
INSERT INTO RatingProperty (stay_id, rating_id, star_rating) VALUES (8138, 12138, 2);
INSERT INTO RatingProperty (stay_id, rating_id, star_rating) VALUES (8139, 12139, 2);
INSERT INTO RatingProperty (stay_id, rating_id, star_rating) VALUES (8140, 12140, 2);
INSERT INTO RatingProperty (stay_id, rating_id, star_rating) VALUES (8141, 12141, 2);
INSERT INTO RatingProperty (stay_id, rating_id, star_rating) VALUES (8142, 12142, 5);
INSERT INTO RatingProperty (stay_id, rating_id, star_rating) VALUES (8143, 12143, 4);
INSERT INTO RatingProperty (stay_id, rating_id, star_rating) VALUES (8144, 12144, 5);
INSERT INTO RatingProperty (stay_id, rating_id, star_rating) VALUES (8145, 12145, 3);
INSERT INTO RatingProperty (stay_id, rating_id, star_rating) VALUES (8146, 12146, 4);
INSERT INTO RatingProperty (stay_id, rating_id, star_rating) VALUES (8147, 12147, 5);
INSERT INTO RatingProperty (stay_id, rating_id, star_rating) VALUES (8148, 12148, 3);
INSERT INTO RatingProperty (stay_id, rating_id, star_rating) VALUES (8149, 12149, 2);
INSERT INTO RatingProperty (stay_id, rating_id, star_rating) VALUES (8150, 12150, 2);
INSERT INTO RatingProperty (stay_id, rating_id, star_rating) VALUES (8151, 12151, 4);
INSERT INTO RatingProperty (stay_id, rating_id, star_rating) VALUES (8152, 12152, 2);
INSERT INTO RatingProperty (stay_id, rating_id, star_rating) VALUES (8153, 12153, 5);
INSERT INTO RatingProperty (stay_id, rating_id, star_rating) VALUES (8154, 12154, 2);
INSERT INTO RatingProperty (stay_id, rating_id, star_rating) VALUES (8155, 12155, 4);
INSERT INTO RatingProperty (stay_id, rating_id, star_rating) VALUES (8156, 12156, 4);
INSERT INTO RatingProperty (stay_id, rating_id, star_rating) VALUES (8157, 12157, 5);
INSERT INTO RatingProperty (stay_id, rating_id, star_rating) VALUES (8158, 12158, 5);
INSERT INTO RatingProperty (stay_id, rating_id, star_rating) VALUES (8159, 12159, 4);
INSERT INTO RatingProperty (stay_id, rating_id, star_rating) VALUES (8160, 12160, 5);
INSERT INTO RatingProperty (stay_id, rating_id, star_rating) VALUES (8161, 12161, 5);
INSERT INTO RatingProperty (stay_id, rating_id, star_rating) VALUES (8162, 12162, 4);
INSERT INTO RatingProperty (stay_id, rating_id, star_rating) VALUES (8163, 12163, 2);
INSERT INTO RatingProperty (stay_id, rating_id, star_rating) VALUES (8164, 12164, 3);
INSERT INTO RatingProperty (stay_id, rating_id, star_rating) VALUES (8165, 12165, 2);
INSERT INTO RatingProperty (stay_id, rating_id, star_rating) VALUES (8166, 12166, 4);
INSERT INTO RatingProperty (stay_id, rating_id, star_rating) VALUES (8167, 12167, 3);
INSERT INTO RatingProperty (stay_id, rating_id, star_rating) VALUES (8168, 12168, 4);
INSERT INTO RatingProperty (stay_id, rating_id, star_rating) VALUES (8169, 12169, 2);
INSERT INTO RatingProperty (stay_id, rating_id, star_rating) VALUES (8170, 12170, 3);
INSERT INTO RatingProperty (stay_id, rating_id, star_rating) VALUES (8171, 12171, 2);
INSERT INTO RatingProperty (stay_id, rating_id, star_rating) VALUES (8172, 12172, 2);
INSERT INTO RatingProperty (stay_id, rating_id, star_rating) VALUES (8173, 12173, 5);
INSERT INTO RatingProperty (stay_id, rating_id, star_rating) VALUES (8174, 12174, 5);
INSERT INTO RatingProperty (stay_id, rating_id, star_rating) VALUES (8175, 12175, 5);
INSERT INTO RatingProperty (stay_id, rating_id, star_rating) VALUES (8176, 12176, 2);
INSERT INTO RatingProperty (stay_id, rating_id, star_rating) VALUES (8177, 12177, 3);
INSERT INTO RatingProperty (stay_id, rating_id, star_rating) VALUES (8178, 12178, 2);
INSERT INTO RatingProperty (stay_id, rating_id, star_rating) VALUES (8179, 12179, 3);
INSERT INTO RatingProperty (stay_id, rating_id, star_rating) VALUES (8180, 12180, 2);
INSERT INTO RatingProperty (stay_id, rating_id, star_rating) VALUES (8181, 12181, 2);
INSERT INTO RatingProperty (stay_id, rating_id, star_rating) VALUES (8182, 12182, 5);
INSERT INTO RatingProperty (stay_id, rating_id, star_rating) VALUES (8183, 12183, 4);
INSERT INTO RatingProperty (stay_id, rating_id, star_rating) VALUES (8184, 12184, 3);
INSERT INTO RatingProperty (stay_id, rating_id, star_rating) VALUES (8185, 12185, 5);
INSERT INTO RatingProperty (stay_id, rating_id, star_rating) VALUES (8186, 12186, 4);
INSERT INTO RatingProperty (stay_id, rating_id, star_rating) VALUES (8187, 12187, 2);
INSERT INTO RatingProperty (stay_id, rating_id, star_rating) VALUES (8188, 12188, 4);
INSERT INTO RatingProperty (stay_id, rating_id, star_rating) VALUES (8189, 12189, 4);
INSERT INTO RatingProperty (stay_id, rating_id, star_rating) VALUES (8190, 12190, 2);
INSERT INTO RatingProperty (stay_id, rating_id, star_rating) VALUES (8191, 12191, 4);
INSERT INTO RatingProperty (stay_id, rating_id, star_rating) VALUES (8192, 12192, 4);
INSERT INTO RatingProperty (stay_id, rating_id, star_rating) VALUES (8193, 12193, 4);
INSERT INTO RatingProperty (stay_id, rating_id, star_rating) VALUES (8194, 12194, 2);
INSERT INTO RatingProperty (stay_id, rating_id, star_rating) VALUES (8195, 12195, 4);
INSERT INTO RatingProperty (stay_id, rating_id, star_rating) VALUES (8196, 12196, 3);
INSERT INTO RatingProperty (stay_id, rating_id, star_rating) VALUES (8197, 12197, 2);
INSERT INTO RatingProperty (stay_id, rating_id, star_rating) VALUES (8198, 12198, 4);
INSERT INTO RatingProperty (stay_id, rating_id, star_rating) VALUES (8199, 12199, 3);
INSERT INTO RatingProperty (stay_id, rating_id, star_rating) VALUES (8200, 12200, 3);
INSERT INTO RatingProperty (stay_id, rating_id, star_rating) VALUES (8201, 12201, 2);
INSERT INTO RatingProperty (stay_id, rating_id, star_rating) VALUES (8202, 12202, 2);
INSERT INTO RatingProperty (stay_id, rating_id, star_rating) VALUES (8203, 12203, 5);
INSERT INTO RatingProperty (stay_id, rating_id, star_rating) VALUES (8204, 12204, 3);
INSERT INTO RatingProperty (stay_id, rating_id, star_rating) VALUES (8205, 12205, 5);
INSERT INTO RatingProperty (stay_id, rating_id, star_rating) VALUES (8206, 12206, 4);
INSERT INTO RatingProperty (stay_id, rating_id, star_rating) VALUES (8207, 12207, 4);
INSERT INTO RatingProperty (stay_id, rating_id, star_rating) VALUES (8208, 12208, 2);
INSERT INTO RatingProperty (stay_id, rating_id, star_rating) VALUES (8209, 12209, 5);
INSERT INTO RatingProperty (stay_id, rating_id, star_rating) VALUES (8210, 12210, 3);
INSERT INTO RatingProperty (stay_id, rating_id, star_rating) VALUES (8211, 12211, 5);
INSERT INTO RatingProperty (stay_id, rating_id, star_rating) VALUES (8212, 12212, 5);
INSERT INTO RatingProperty (stay_id, rating_id, star_rating) VALUES (8213, 12213, 2);
INSERT INTO RatingProperty (stay_id, rating_id, star_rating) VALUES (8214, 12214, 2);
INSERT INTO RatingProperty (stay_id, rating_id, star_rating) VALUES (8215, 12215, 2);
INSERT INTO RatingProperty (stay_id, rating_id, star_rating) VALUES (8216, 12216, 5);
INSERT INTO RatingProperty (stay_id, rating_id, star_rating) VALUES (8217, 12217, 3);
INSERT INTO RatingProperty (stay_id, rating_id, star_rating) VALUES (8218, 12218, 2);
INSERT INTO RatingProperty (stay_id, rating_id, star_rating) VALUES (8219, 12219, 5);
INSERT INTO RatingProperty (stay_id, rating_id, star_rating) VALUES (8220, 12220, 5);
INSERT INTO RatingProperty (stay_id, rating_id, star_rating) VALUES (8221, 12221, 3);
INSERT INTO RatingProperty (stay_id, rating_id, star_rating) VALUES (8222, 12222, 3);
INSERT INTO RatingProperty (stay_id, rating_id, star_rating) VALUES (8223, 12223, 2);
INSERT INTO RatingProperty (stay_id, rating_id, star_rating) VALUES (8224, 12224, 3);
INSERT INTO RatingProperty (stay_id, rating_id, star_rating) VALUES (8225, 12225, 2);
INSERT INTO RatingProperty (stay_id, rating_id, star_rating) VALUES (8226, 12226, 4);
INSERT INTO RatingProperty (stay_id, rating_id, star_rating) VALUES (8227, 12227, 5);
INSERT INTO RatingProperty (stay_id, rating_id, star_rating) VALUES (8228, 12228, 3);
INSERT INTO RatingProperty (stay_id, rating_id, star_rating) VALUES (8229, 12229, 2);
INSERT INTO RatingProperty (stay_id, rating_id, star_rating) VALUES (8230, 12230, 2);
INSERT INTO RatingProperty (stay_id, rating_id, star_rating) VALUES (8231, 12231, 5);
INSERT INTO RatingProperty (stay_id, rating_id, star_rating) VALUES (8232, 12232, 3);
INSERT INTO RatingProperty (stay_id, rating_id, star_rating) VALUES (8233, 12233, 4);
INSERT INTO RatingProperty (stay_id, rating_id, star_rating) VALUES (8234, 12234, 3);
INSERT INTO RatingProperty (stay_id, rating_id, star_rating) VALUES (8235, 12235, 5);
INSERT INTO RatingProperty (stay_id, rating_id, star_rating) VALUES (8236, 12236, 5);
INSERT INTO RatingProperty (stay_id, rating_id, star_rating) VALUES (8237, 12237, 2);
INSERT INTO RatingProperty (stay_id, rating_id, star_rating) VALUES (8238, 12238, 3);
INSERT INTO RatingProperty (stay_id, rating_id, star_rating) VALUES (8239, 12239, 4);
INSERT INTO RatingProperty (stay_id, rating_id, star_rating) VALUES (8240, 12240, 2);
INSERT INTO RatingProperty (stay_id, rating_id, star_rating) VALUES (8241, 12241, 2);
INSERT INTO RatingProperty (stay_id, rating_id, star_rating) VALUES (8242, 12242, 5);
INSERT INTO RatingProperty (stay_id, rating_id, star_rating) VALUES (8243, 12243, 3);
INSERT INTO RatingProperty (stay_id, rating_id, star_rating) VALUES (8244, 12244, 3);
INSERT INTO RatingProperty (stay_id, rating_id, star_rating) VALUES (8245, 12245, 3);
INSERT INTO RatingProperty (stay_id, rating_id, star_rating) VALUES (8246, 12246, 4);
INSERT INTO RatingProperty (stay_id, rating_id, star_rating) VALUES (8247, 12247, 5);
INSERT INTO RatingProperty (stay_id, rating_id, star_rating) VALUES (8248, 12248, 4);
INSERT INTO RatingProperty (stay_id, rating_id, star_rating) VALUES (8249, 12249, 5);
INSERT INTO RatingProperty (stay_id, rating_id, star_rating) VALUES (8250, 12250, 4);
INSERT INTO RatingProperty (stay_id, rating_id, star_rating) VALUES (8251, 12251, 3);
INSERT INTO RatingProperty (stay_id, rating_id, star_rating) VALUES (8252, 12252, 4);
INSERT INTO RatingProperty (stay_id, rating_id, star_rating) VALUES (8253, 12253, 4);
INSERT INTO RatingProperty (stay_id, rating_id, star_rating) VALUES (8254, 12254, 2);
INSERT INTO RatingProperty (stay_id, rating_id, star_rating) VALUES (8255, 12255, 4);
INSERT INTO RatingProperty (stay_id, rating_id, star_rating) VALUES (8256, 12256, 2);
INSERT INTO RatingProperty (stay_id, rating_id, star_rating) VALUES (8257, 12257, 2);
INSERT INTO RatingProperty (stay_id, rating_id, star_rating) VALUES (8258, 12258, 4);
INSERT INTO RatingProperty (stay_id, rating_id, star_rating) VALUES (8259, 12259, 2);
INSERT INTO RatingProperty (stay_id, rating_id, star_rating) VALUES (8260, 12260, 4);
INSERT INTO RatingProperty (stay_id, rating_id, star_rating) VALUES (8261, 12261, 3);
INSERT INTO RatingProperty (stay_id, rating_id, star_rating) VALUES (8262, 12262, 4);
INSERT INTO RatingProperty (stay_id, rating_id, star_rating) VALUES (8263, 12263, 4);
INSERT INTO RatingProperty (stay_id, rating_id, star_rating) VALUES (8264, 12264, 5);
INSERT INTO RatingProperty (stay_id, rating_id, star_rating) VALUES (8265, 12265, 2);
INSERT INTO RatingProperty (stay_id, rating_id, star_rating) VALUES (8266, 12266, 4);
INSERT INTO RatingProperty (stay_id, rating_id, star_rating) VALUES (8267, 12267, 4);
INSERT INTO RatingProperty (stay_id, rating_id, star_rating) VALUES (8268, 12268, 4);
INSERT INTO RatingProperty (stay_id, rating_id, star_rating) VALUES (8269, 12269, 4);
INSERT INTO RatingProperty (stay_id, rating_id, star_rating) VALUES (8270, 12270, 5);
INSERT INTO RatingProperty (stay_id, rating_id, star_rating) VALUES (8271, 12271, 4);
INSERT INTO RatingProperty (stay_id, rating_id, star_rating) VALUES (8272, 12272, 3);
INSERT INTO RatingProperty (stay_id, rating_id, star_rating) VALUES (8273, 12273, 3);
INSERT INTO RatingProperty (stay_id, rating_id, star_rating) VALUES (8274, 12274, 5);
INSERT INTO RatingProperty (stay_id, rating_id, star_rating) VALUES (8275, 12275, 2);
INSERT INTO RatingProperty (stay_id, rating_id, star_rating) VALUES (8276, 12276, 5);
INSERT INTO RatingProperty (stay_id, rating_id, star_rating) VALUES (8277, 12277, 2);
INSERT INTO RatingProperty (stay_id, rating_id, star_rating) VALUES (8278, 12278, 3);
INSERT INTO RatingProperty (stay_id, rating_id, star_rating) VALUES (8279, 12279, 2);
INSERT INTO RatingProperty (stay_id, rating_id, star_rating) VALUES (8280, 12280, 2);
INSERT INTO RatingProperty (stay_id, rating_id, star_rating) VALUES (8281, 12281, 3);
INSERT INTO RatingProperty (stay_id, rating_id, star_rating) VALUES (8282, 12282, 2);
INSERT INTO RatingProperty (stay_id, rating_id, star_rating) VALUES (8283, 12283, 5);
INSERT INTO RatingProperty (stay_id, rating_id, star_rating) VALUES (8284, 12284, 4);
INSERT INTO RatingProperty (stay_id, rating_id, star_rating) VALUES (8285, 12285, 2);
INSERT INTO RatingProperty (stay_id, rating_id, star_rating) VALUES (8286, 12286, 2);
INSERT INTO RatingProperty (stay_id, rating_id, star_rating) VALUES (8287, 12287, 2);
INSERT INTO RatingProperty (stay_id, rating_id, star_rating) VALUES (8288, 12288, 5);
INSERT INTO RatingProperty (stay_id, rating_id, star_rating) VALUES (8289, 12289, 5);
INSERT INTO RatingProperty (stay_id, rating_id, star_rating) VALUES (8290, 12290, 2);
INSERT INTO RatingProperty (stay_id, rating_id, star_rating) VALUES (8291, 12291, 4);
INSERT INTO RatingProperty (stay_id, rating_id, star_rating) VALUES (8292, 12292, 5);
INSERT INTO RatingProperty (stay_id, rating_id, star_rating) VALUES (8293, 12293, 3);
INSERT INTO RatingProperty (stay_id, rating_id, star_rating) VALUES (8294, 12294, 2);
INSERT INTO RatingProperty (stay_id, rating_id, star_rating) VALUES (8295, 12295, 4);
INSERT INTO RatingProperty (stay_id, rating_id, star_rating) VALUES (8296, 12296, 2);
INSERT INTO RatingProperty (stay_id, rating_id, star_rating) VALUES (8297, 12297, 2);
INSERT INTO RatingProperty (stay_id, rating_id, star_rating) VALUES (8298, 12298, 2);
INSERT INTO RatingProperty (stay_id, rating_id, star_rating) VALUES (8299, 12299, 3);
INSERT INTO RatingProperty (stay_id, rating_id, star_rating) VALUES (8300, 12300, 4);
INSERT INTO RatingProperty (stay_id, rating_id, star_rating) VALUES (8301, 12301, 5);
INSERT INTO RatingProperty (stay_id, rating_id, star_rating) VALUES (8302, 12302, 2);
INSERT INTO RatingProperty (stay_id, rating_id, star_rating) VALUES (8303, 12303, 5);
INSERT INTO RatingProperty (stay_id, rating_id, star_rating) VALUES (8304, 12304, 4);
INSERT INTO RatingProperty (stay_id, rating_id, star_rating) VALUES (8305, 12305, 3);
INSERT INTO RatingProperty (stay_id, rating_id, star_rating) VALUES (8306, 12306, 2);
INSERT INTO RatingProperty (stay_id, rating_id, star_rating) VALUES (8307, 12307, 2);
INSERT INTO RatingProperty (stay_id, rating_id, star_rating) VALUES (8308, 12308, 4);
INSERT INTO RatingProperty (stay_id, rating_id, star_rating) VALUES (8309, 12309, 3);
INSERT INTO RatingProperty (stay_id, rating_id, star_rating) VALUES (8310, 12310, 2);
INSERT INTO RatingProperty (stay_id, rating_id, star_rating) VALUES (8311, 12311, 5);
INSERT INTO RatingProperty (stay_id, rating_id, star_rating) VALUES (8312, 12312, 4);
INSERT INTO RatingProperty (stay_id, rating_id, star_rating) VALUES (8313, 12313, 5);
INSERT INTO RatingProperty (stay_id, rating_id, star_rating) VALUES (8314, 12314, 4);
INSERT INTO RatingProperty (stay_id, rating_id, star_rating) VALUES (8315, 12315, 4);
INSERT INTO RatingProperty (stay_id, rating_id, star_rating) VALUES (8316, 12316, 4);
INSERT INTO RatingProperty (stay_id, rating_id, star_rating) VALUES (8317, 12317, 2);
INSERT INTO RatingProperty (stay_id, rating_id, star_rating) VALUES (8318, 12318, 4);
INSERT INTO RatingProperty (stay_id, rating_id, star_rating) VALUES (8319, 12319, 3);
INSERT INTO RatingProperty (stay_id, rating_id, star_rating) VALUES (8320, 12320, 5);
INSERT INTO RatingProperty (stay_id, rating_id, star_rating) VALUES (8321, 12321, 4);
INSERT INTO RatingProperty (stay_id, rating_id, star_rating) VALUES (8322, 12322, 2);
INSERT INTO RatingProperty (stay_id, rating_id, star_rating) VALUES (8323, 12323, 3);
INSERT INTO RatingProperty (stay_id, rating_id, star_rating) VALUES (8324, 12324, 3);
INSERT INTO RatingProperty (stay_id, rating_id, star_rating) VALUES (8325, 12325, 5);
INSERT INTO RatingProperty (stay_id, rating_id, star_rating) VALUES (8326, 12326, 3);
INSERT INTO RatingProperty (stay_id, rating_id, star_rating) VALUES (8327, 12327, 2);
INSERT INTO RatingProperty (stay_id, rating_id, star_rating) VALUES (8328, 12328, 2);
INSERT INTO RatingProperty (stay_id, rating_id, star_rating) VALUES (8329, 12329, 3);
INSERT INTO RatingProperty (stay_id, rating_id, star_rating) VALUES (8330, 12330, 5);
INSERT INTO RatingProperty (stay_id, rating_id, star_rating) VALUES (8331, 12331, 4);
INSERT INTO RatingProperty (stay_id, rating_id, star_rating) VALUES (8332, 12332, 5);
INSERT INTO RatingProperty (stay_id, rating_id, star_rating) VALUES (8333, 12333, 2);
INSERT INTO RatingProperty (stay_id, rating_id, star_rating) VALUES (8334, 12334, 5);
INSERT INTO RatingProperty (stay_id, rating_id, star_rating) VALUES (8335, 12335, 5);
INSERT INTO RatingProperty (stay_id, rating_id, star_rating) VALUES (8336, 12336, 3);
INSERT INTO RatingProperty (stay_id, rating_id, star_rating) VALUES (8337, 12337, 4);
INSERT INTO RatingProperty (stay_id, rating_id, star_rating) VALUES (8338, 12338, 2);
INSERT INTO RatingProperty (stay_id, rating_id, star_rating) VALUES (8339, 12339, 4);
INSERT INTO RatingProperty (stay_id, rating_id, star_rating) VALUES (8340, 12340, 3);
INSERT INTO RatingProperty (stay_id, rating_id, star_rating) VALUES (8341, 12341, 3);
INSERT INTO RatingProperty (stay_id, rating_id, star_rating) VALUES (8342, 12342, 4);
INSERT INTO RatingProperty (stay_id, rating_id, star_rating) VALUES (8343, 12343, 2);
INSERT INTO RatingProperty (stay_id, rating_id, star_rating) VALUES (8344, 12344, 3);
INSERT INTO RatingProperty (stay_id, rating_id, star_rating) VALUES (8345, 12345, 4);
INSERT INTO RatingProperty (stay_id, rating_id, star_rating) VALUES (8346, 12346, 4);
INSERT INTO RatingProperty (stay_id, rating_id, star_rating) VALUES (8347, 12347, 5);
INSERT INTO RatingProperty (stay_id, rating_id, star_rating) VALUES (8348, 12348, 3);
INSERT INTO RatingProperty (stay_id, rating_id, star_rating) VALUES (8349, 12349, 2);
INSERT INTO RatingProperty (stay_id, rating_id, star_rating) VALUES (8350, 12350, 4);
INSERT INTO RatingProperty (stay_id, rating_id, star_rating) VALUES (8351, 12351, 2);
INSERT INTO RatingProperty (stay_id, rating_id, star_rating) VALUES (8352, 12352, 3);
INSERT INTO RatingProperty (stay_id, rating_id, star_rating) VALUES (8353, 12353, 5);
INSERT INTO RatingProperty (stay_id, rating_id, star_rating) VALUES (8354, 12354, 4);
INSERT INTO RatingProperty (stay_id, rating_id, star_rating) VALUES (8355, 12355, 4);
INSERT INTO RatingProperty (stay_id, rating_id, star_rating) VALUES (8356, 12356, 3);
INSERT INTO RatingProperty (stay_id, rating_id, star_rating) VALUES (8357, 12357, 5);
INSERT INTO RatingProperty (stay_id, rating_id, star_rating) VALUES (8358, 12358, 2);
INSERT INTO RatingProperty (stay_id, rating_id, star_rating) VALUES (8359, 12359, 4);
INSERT INTO RatingProperty (stay_id, rating_id, star_rating) VALUES (8360, 12360, 3);
INSERT INTO RatingProperty (stay_id, rating_id, star_rating) VALUES (8361, 12361, 3);
INSERT INTO RatingProperty (stay_id, rating_id, star_rating) VALUES (8362, 12362, 4);
INSERT INTO RatingProperty (stay_id, rating_id, star_rating) VALUES (8363, 12363, 4);
INSERT INTO RatingProperty (stay_id, rating_id, star_rating) VALUES (8364, 12364, 4);
INSERT INTO RatingProperty (stay_id, rating_id, star_rating) VALUES (8365, 12365, 4);
INSERT INTO RatingProperty (stay_id, rating_id, star_rating) VALUES (8366, 12366, 4);
INSERT INTO RatingProperty (stay_id, rating_id, star_rating) VALUES (8367, 12367, 5);
INSERT INTO RatingProperty (stay_id, rating_id, star_rating) VALUES (8368, 12368, 5);
INSERT INTO RatingProperty (stay_id, rating_id, star_rating) VALUES (8369, 12369, 3);
INSERT INTO RatingProperty (stay_id, rating_id, star_rating) VALUES (8370, 12370, 2);
INSERT INTO RatingProperty (stay_id, rating_id, star_rating) VALUES (8371, 12371, 4);
INSERT INTO RatingProperty (stay_id, rating_id, star_rating) VALUES (8372, 12372, 4);
INSERT INTO RatingProperty (stay_id, rating_id, star_rating) VALUES (8373, 12373, 3);
INSERT INTO RatingProperty (stay_id, rating_id, star_rating) VALUES (8374, 12374, 4);
INSERT INTO RatingProperty (stay_id, rating_id, star_rating) VALUES (8375, 12375, 4);
INSERT INTO RatingProperty (stay_id, rating_id, star_rating) VALUES (8376, 12376, 4);
INSERT INTO RatingProperty (stay_id, rating_id, star_rating) VALUES (8377, 12377, 2);
INSERT INTO RatingProperty (stay_id, rating_id, star_rating) VALUES (8378, 12378, 3);
INSERT INTO RatingProperty (stay_id, rating_id, star_rating) VALUES (8379, 12379, 3);
INSERT INTO RatingProperty (stay_id, rating_id, star_rating) VALUES (8380, 12380, 4);
INSERT INTO RatingProperty (stay_id, rating_id, star_rating) VALUES (8381, 12381, 2);
INSERT INTO RatingProperty (stay_id, rating_id, star_rating) VALUES (8382, 12382, 3);
INSERT INTO RatingProperty (stay_id, rating_id, star_rating) VALUES (8383, 12383, 3);
INSERT INTO RatingProperty (stay_id, rating_id, star_rating) VALUES (8384, 12384, 5);
INSERT INTO RatingProperty (stay_id, rating_id, star_rating) VALUES (8385, 12385, 2);
INSERT INTO RatingProperty (stay_id, rating_id, star_rating) VALUES (8386, 12386, 3);
INSERT INTO RatingProperty (stay_id, rating_id, star_rating) VALUES (8387, 12387, 4);
INSERT INTO RatingProperty (stay_id, rating_id, star_rating) VALUES (8388, 12388, 5);
INSERT INTO RatingProperty (stay_id, rating_id, star_rating) VALUES (8389, 12389, 2);
INSERT INTO RatingProperty (stay_id, rating_id, star_rating) VALUES (8390, 12390, 2);
INSERT INTO RatingProperty (stay_id, rating_id, star_rating) VALUES (8391, 12391, 2);
INSERT INTO RatingProperty (stay_id, rating_id, star_rating) VALUES (8392, 12392, 5);
INSERT INTO RatingProperty (stay_id, rating_id, star_rating) VALUES (8393, 12393, 5);
INSERT INTO RatingProperty (stay_id, rating_id, star_rating) VALUES (8394, 12394, 5);
INSERT INTO RatingProperty (stay_id, rating_id, star_rating) VALUES (8395, 12395, 2);
INSERT INTO RatingProperty (stay_id, rating_id, star_rating) VALUES (8396, 12396, 5);
INSERT INTO RatingProperty (stay_id, rating_id, star_rating) VALUES (8397, 12397, 4);
INSERT INTO RatingProperty (stay_id, rating_id, star_rating) VALUES (8398, 12398, 3);
INSERT INTO RatingProperty (stay_id, rating_id, star_rating) VALUES (8399, 12399, 4);
INSERT INTO RatingProperty (stay_id, rating_id, star_rating) VALUES (8400, 12400, 2);
INSERT INTO RatingProperty (stay_id, rating_id, star_rating) VALUES (8401, 12401, 5);
INSERT INTO RatingProperty (stay_id, rating_id, star_rating) VALUES (8402, 12402, 3);
INSERT INTO RatingProperty (stay_id, rating_id, star_rating) VALUES (8403, 12403, 5);
INSERT INTO RatingProperty (stay_id, rating_id, star_rating) VALUES (8404, 12404, 5);
INSERT INTO RatingProperty (stay_id, rating_id, star_rating) VALUES (8405, 12405, 2);
INSERT INTO RatingProperty (stay_id, rating_id, star_rating) VALUES (8406, 12406, 4);
INSERT INTO RatingProperty (stay_id, rating_id, star_rating) VALUES (8407, 12407, 3);
INSERT INTO RatingProperty (stay_id, rating_id, star_rating) VALUES (8408, 12408, 4);
INSERT INTO RatingProperty (stay_id, rating_id, star_rating) VALUES (8409, 12409, 4);
INSERT INTO RatingProperty (stay_id, rating_id, star_rating) VALUES (8410, 12410, 3);
INSERT INTO RatingProperty (stay_id, rating_id, star_rating) VALUES (8411, 12411, 4);
INSERT INTO RatingProperty (stay_id, rating_id, star_rating) VALUES (8412, 12412, 5);
INSERT INTO RatingProperty (stay_id, rating_id, star_rating) VALUES (8413, 12413, 3);
INSERT INTO RatingProperty (stay_id, rating_id, star_rating) VALUES (8414, 12414, 5);
INSERT INTO RatingProperty (stay_id, rating_id, star_rating) VALUES (8415, 12415, 2);
INSERT INTO RatingProperty (stay_id, rating_id, star_rating) VALUES (8416, 12416, 2);
INSERT INTO RatingProperty (stay_id, rating_id, star_rating) VALUES (8417, 12417, 4);
INSERT INTO RatingProperty (stay_id, rating_id, star_rating) VALUES (8418, 12418, 4);
INSERT INTO RatingProperty (stay_id, rating_id, star_rating) VALUES (8419, 12419, 4);
INSERT INTO RatingProperty (stay_id, rating_id, star_rating) VALUES (8420, 12420, 4);
INSERT INTO RatingProperty (stay_id, rating_id, star_rating) VALUES (8421, 12421, 5);
INSERT INTO RatingProperty (stay_id, rating_id, star_rating) VALUES (8422, 12422, 5);
INSERT INTO RatingProperty (stay_id, rating_id, star_rating) VALUES (8423, 12423, 2);
INSERT INTO RatingProperty (stay_id, rating_id, star_rating) VALUES (8424, 12424, 5);
INSERT INTO RatingProperty (stay_id, rating_id, star_rating) VALUES (8425, 12425, 2);
INSERT INTO RatingProperty (stay_id, rating_id, star_rating) VALUES (8426, 12426, 5);
INSERT INTO RatingProperty (stay_id, rating_id, star_rating) VALUES (8427, 12427, 4);
INSERT INTO RatingProperty (stay_id, rating_id, star_rating) VALUES (8428, 12428, 5);
INSERT INTO RatingProperty (stay_id, rating_id, star_rating) VALUES (8429, 12429, 3);
INSERT INTO RatingProperty (stay_id, rating_id, star_rating) VALUES (8430, 12430, 3);
INSERT INTO RatingProperty (stay_id, rating_id, star_rating) VALUES (8431, 12431, 4);
INSERT INTO RatingProperty (stay_id, rating_id, star_rating) VALUES (8432, 12432, 3);
INSERT INTO RatingProperty (stay_id, rating_id, star_rating) VALUES (8433, 12433, 5);
INSERT INTO RatingProperty (stay_id, rating_id, star_rating) VALUES (8434, 12434, 5);
INSERT INTO RatingProperty (stay_id, rating_id, star_rating) VALUES (8435, 12435, 5);
INSERT INTO RatingProperty (stay_id, rating_id, star_rating) VALUES (8436, 12436, 2);
INSERT INTO RatingProperty (stay_id, rating_id, star_rating) VALUES (8437, 12437, 2);
INSERT INTO RatingProperty (stay_id, rating_id, star_rating) VALUES (8438, 12438, 4);
INSERT INTO RatingProperty (stay_id, rating_id, star_rating) VALUES (8439, 12439, 4);
INSERT INTO RatingProperty (stay_id, rating_id, star_rating) VALUES (8440, 12440, 5);
INSERT INTO RatingProperty (stay_id, rating_id, star_rating) VALUES (8441, 12441, 4);
INSERT INTO RatingProperty (stay_id, rating_id, star_rating) VALUES (8442, 12442, 5);
INSERT INTO RatingProperty (stay_id, rating_id, star_rating) VALUES (8443, 12443, 5);
INSERT INTO RatingProperty (stay_id, rating_id, star_rating) VALUES (8444, 12444, 3);
INSERT INTO RatingProperty (stay_id, rating_id, star_rating) VALUES (8445, 12445, 5);
INSERT INTO RatingProperty (stay_id, rating_id, star_rating) VALUES (8446, 12446, 2);
INSERT INTO RatingProperty (stay_id, rating_id, star_rating) VALUES (8447, 12447, 2);
INSERT INTO RatingProperty (stay_id, rating_id, star_rating) VALUES (8448, 12448, 3);
INSERT INTO RatingProperty (stay_id, rating_id, star_rating) VALUES (8449, 12449, 3);
INSERT INTO RatingProperty (stay_id, rating_id, star_rating) VALUES (8450, 12450, 5);
INSERT INTO RatingProperty (stay_id, rating_id, star_rating) VALUES (8451, 12451, 4);
INSERT INTO RatingProperty (stay_id, rating_id, star_rating) VALUES (8452, 12452, 5);
INSERT INTO RatingProperty (stay_id, rating_id, star_rating) VALUES (8453, 12453, 4);
INSERT INTO RatingProperty (stay_id, rating_id, star_rating) VALUES (8454, 12454, 3);
INSERT INTO RatingProperty (stay_id, rating_id, star_rating) VALUES (8455, 12455, 5);
INSERT INTO RatingProperty (stay_id, rating_id, star_rating) VALUES (8456, 12456, 2);
INSERT INTO RatingProperty (stay_id, rating_id, star_rating) VALUES (8457, 12457, 4);
INSERT INTO RatingProperty (stay_id, rating_id, star_rating) VALUES (8458, 12458, 3);
INSERT INTO RatingProperty (stay_id, rating_id, star_rating) VALUES (8459, 12459, 3);
INSERT INTO RatingProperty (stay_id, rating_id, star_rating) VALUES (8460, 12460, 3);
INSERT INTO RatingProperty (stay_id, rating_id, star_rating) VALUES (8461, 12461, 4);
INSERT INTO RatingProperty (stay_id, rating_id, star_rating) VALUES (8462, 12462, 5);
INSERT INTO RatingProperty (stay_id, rating_id, star_rating) VALUES (8463, 12463, 3);
INSERT INTO RatingProperty (stay_id, rating_id, star_rating) VALUES (8464, 12464, 2);
INSERT INTO RatingProperty (stay_id, rating_id, star_rating) VALUES (8465, 12465, 2);
INSERT INTO RatingProperty (stay_id, rating_id, star_rating) VALUES (8466, 12466, 5);
INSERT INTO RatingProperty (stay_id, rating_id, star_rating) VALUES (8467, 12467, 5);
INSERT INTO RatingProperty (stay_id, rating_id, star_rating) VALUES (8468, 12468, 5);
INSERT INTO RatingProperty (stay_id, rating_id, star_rating) VALUES (8469, 12469, 4);
INSERT INTO RatingProperty (stay_id, rating_id, star_rating) VALUES (8470, 12470, 3);
INSERT INTO RatingProperty (stay_id, rating_id, star_rating) VALUES (8471, 12471, 5);
INSERT INTO RatingProperty (stay_id, rating_id, star_rating) VALUES (8472, 12472, 5);
INSERT INTO RatingProperty (stay_id, rating_id, star_rating) VALUES (8473, 12473, 3);
INSERT INTO RatingProperty (stay_id, rating_id, star_rating) VALUES (8474, 12474, 4);
INSERT INTO RatingProperty (stay_id, rating_id, star_rating) VALUES (8475, 12475, 2);
INSERT INTO RatingProperty (stay_id, rating_id, star_rating) VALUES (8476, 12476, 2);
INSERT INTO RatingProperty (stay_id, rating_id, star_rating) VALUES (8477, 12477, 5);
INSERT INTO RatingProperty (stay_id, rating_id, star_rating) VALUES (8478, 12478, 3);
INSERT INTO RatingProperty (stay_id, rating_id, star_rating) VALUES (8479, 12479, 3);
INSERT INTO RatingProperty (stay_id, rating_id, star_rating) VALUES (8480, 12480, 3);
INSERT INTO RatingProperty (stay_id, rating_id, star_rating) VALUES (8481, 12481, 5);
INSERT INTO RatingProperty (stay_id, rating_id, star_rating) VALUES (8482, 12482, 4);
INSERT INTO RatingProperty (stay_id, rating_id, star_rating) VALUES (8483, 12483, 4);
INSERT INTO RatingProperty (stay_id, rating_id, star_rating) VALUES (8484, 12484, 3);
INSERT INTO RatingProperty (stay_id, rating_id, star_rating) VALUES (8485, 12485, 3);
INSERT INTO RatingProperty (stay_id, rating_id, star_rating) VALUES (8486, 12486, 2);
INSERT INTO RatingProperty (stay_id, rating_id, star_rating) VALUES (8487, 12487, 5);
INSERT INTO RatingProperty (stay_id, rating_id, star_rating) VALUES (8488, 12488, 2);
INSERT INTO RatingProperty (stay_id, rating_id, star_rating) VALUES (8489, 12489, 5);
INSERT INTO RatingProperty (stay_id, rating_id, star_rating) VALUES (8490, 12490, 4);
INSERT INTO RatingProperty (stay_id, rating_id, star_rating) VALUES (8491, 12491, 2);
INSERT INTO RatingProperty (stay_id, rating_id, star_rating) VALUES (8492, 12492, 4);
INSERT INTO RatingProperty (stay_id, rating_id, star_rating) VALUES (8493, 12493, 5);
INSERT INTO RatingProperty (stay_id, rating_id, star_rating) VALUES (8494, 12494, 2);
INSERT INTO RatingProperty (stay_id, rating_id, star_rating) VALUES (8495, 12495, 5);
INSERT INTO RatingProperty (stay_id, rating_id, star_rating) VALUES (8496, 12496, 3);
INSERT INTO RatingProperty (stay_id, rating_id, star_rating) VALUES (8497, 12497, 4);
INSERT INTO RatingProperty (stay_id, rating_id, star_rating) VALUES (8498, 12498, 2);
INSERT INTO RatingProperty (stay_id, rating_id, star_rating) VALUES (8499, 12499, 2);
INSERT INTO RatingProperty (stay_id, rating_id, star_rating) VALUES (8500, 12500, 3);
INSERT INTO RatingProperty (stay_id, rating_id, star_rating) VALUES (8501, 12501, 4);
INSERT INTO RatingProperty (stay_id, rating_id, star_rating) VALUES (8502, 12502, 4);
INSERT INTO RatingProperty (stay_id, rating_id, star_rating) VALUES (8503, 12503, 4);
INSERT INTO RatingProperty (stay_id, rating_id, star_rating) VALUES (8504, 12504, 2);
INSERT INTO RatingProperty (stay_id, rating_id, star_rating) VALUES (8505, 12505, 3);
INSERT INTO RatingProperty (stay_id, rating_id, star_rating) VALUES (8506, 12506, 2);
INSERT INTO RatingProperty (stay_id, rating_id, star_rating) VALUES (8507, 12507, 4);
INSERT INTO RatingProperty (stay_id, rating_id, star_rating) VALUES (8508, 12508, 3);
INSERT INTO RatingProperty (stay_id, rating_id, star_rating) VALUES (8509, 12509, 4);
INSERT INTO RatingProperty (stay_id, rating_id, star_rating) VALUES (8510, 12510, 2);
INSERT INTO RatingProperty (stay_id, rating_id, star_rating) VALUES (8511, 12511, 5);
INSERT INTO RatingProperty (stay_id, rating_id, star_rating) VALUES (8512, 12512, 2);
INSERT INTO RatingProperty (stay_id, rating_id, star_rating) VALUES (8513, 12513, 2);
INSERT INTO RatingProperty (stay_id, rating_id, star_rating) VALUES (8514, 12514, 2);
INSERT INTO RatingProperty (stay_id, rating_id, star_rating) VALUES (8515, 12515, 2);
INSERT INTO RatingProperty (stay_id, rating_id, star_rating) VALUES (8516, 12516, 5);
INSERT INTO RatingProperty (stay_id, rating_id, star_rating) VALUES (8517, 12517, 5);
INSERT INTO RatingProperty (stay_id, rating_id, star_rating) VALUES (8518, 12518, 5);
INSERT INTO RatingProperty (stay_id, rating_id, star_rating) VALUES (8519, 12519, 3);
INSERT INTO RatingProperty (stay_id, rating_id, star_rating) VALUES (8520, 12520, 4);
INSERT INTO RatingProperty (stay_id, rating_id, star_rating) VALUES (8521, 12521, 5);
INSERT INTO RatingProperty (stay_id, rating_id, star_rating) VALUES (8522, 12522, 2);
INSERT INTO RatingProperty (stay_id, rating_id, star_rating) VALUES (8523, 12523, 5);
INSERT INTO CommentProperty (rating_id, comment) VALUES (12000, 'Average experience overall.');
INSERT INTO CommentProperty (rating_id, comment) VALUES (12001, 'Service was okay, could be better.');
INSERT INTO CommentProperty (rating_id, comment) VALUES (12003, 'Excellent amenities and staff.');
INSERT INTO CommentProperty (rating_id, comment) VALUES (12007, 'Excellent amenities and staff.');
INSERT INTO CommentProperty (rating_id, comment) VALUES (12009, 'Great location and clean facilities.');
INSERT INTO CommentProperty (rating_id, comment) VALUES (12012, 'Service was okay, could be better.');
INSERT INTO CommentProperty (rating_id, comment) VALUES (12013, 'Spacious rooms but noisy at night.');
INSERT INTO CommentProperty (rating_id, comment) VALUES (12014, 'Spacious rooms but noisy at night.');
INSERT INTO CommentProperty (rating_id, comment) VALUES (12017, 'Lovely view; would book again.');
INSERT INTO CommentProperty (rating_id, comment) VALUES (12018, 'Average experience overall.');
INSERT INTO CommentProperty (rating_id, comment) VALUES (12019, 'Spacious rooms but noisy at night.');
INSERT INTO CommentProperty (rating_id, comment) VALUES (12020, 'Excellent amenities and staff.');
INSERT INTO CommentProperty (rating_id, comment) VALUES (12021, 'Average experience overall.');
INSERT INTO CommentProperty (rating_id, comment) VALUES (12022, 'Great location and clean facilities.');
INSERT INTO CommentProperty (rating_id, comment) VALUES (12025, 'Service was okay, could be better.');
INSERT INTO CommentProperty (rating_id, comment) VALUES (12027, 'Lovely view; would book again.');
INSERT INTO CommentProperty (rating_id, comment) VALUES (12029, 'Great location and clean facilities.');
INSERT INTO CommentProperty (rating_id, comment) VALUES (12032, 'Average experience overall.');
INSERT INTO CommentProperty (rating_id, comment) VALUES (12034, 'Lovely view; would book again.');
INSERT INTO CommentProperty (rating_id, comment) VALUES (12036, 'Lovely view; would book again.');
INSERT INTO CommentProperty (rating_id, comment) VALUES (12037, 'Spacious rooms but noisy at night.');
INSERT INTO CommentProperty (rating_id, comment) VALUES (12038, 'Great location and clean facilities.');
INSERT INTO CommentProperty (rating_id, comment) VALUES (12039, 'Lovely view; would book again.');
INSERT INTO CommentProperty (rating_id, comment) VALUES (12040, 'Service was okay, could be better.');
INSERT INTO CommentProperty (rating_id, comment) VALUES (12041, 'Great location and clean facilities.');
INSERT INTO CommentProperty (rating_id, comment) VALUES (12044, 'Great location and clean facilities.');
INSERT INTO CommentProperty (rating_id, comment) VALUES (12047, 'Excellent amenities and staff.');
INSERT INTO CommentProperty (rating_id, comment) VALUES (12048, 'Average experience overall.');
INSERT INTO CommentProperty (rating_id, comment) VALUES (12049, 'Average experience overall.');
INSERT INTO CommentProperty (rating_id, comment) VALUES (12050, 'Service was okay, could be better.');
INSERT INTO CommentProperty (rating_id, comment) VALUES (12051, 'Great location and clean facilities.');
INSERT INTO CommentProperty (rating_id, comment) VALUES (12052, 'Lovely view; would book again.');
INSERT INTO CommentProperty (rating_id, comment) VALUES (12054, 'Service was okay, could be better.');
INSERT INTO CommentProperty (rating_id, comment) VALUES (12056, 'Lovely view; would book again.');
INSERT INTO CommentProperty (rating_id, comment) VALUES (12057, 'Excellent amenities and staff.');
INSERT INTO CommentProperty (rating_id, comment) VALUES (12058, 'Service was okay, could be better.');
INSERT INTO CommentProperty (rating_id, comment) VALUES (12059, 'Excellent amenities and staff.');
INSERT INTO CommentProperty (rating_id, comment) VALUES (12060, 'Great location and clean facilities.');
INSERT INTO CommentProperty (rating_id, comment) VALUES (12061, 'Service was okay, could be better.');
INSERT INTO CommentProperty (rating_id, comment) VALUES (12062, 'Spacious rooms but noisy at night.');
INSERT INTO CommentProperty (rating_id, comment) VALUES (12063, 'Great location and clean facilities.');
INSERT INTO CommentProperty (rating_id, comment) VALUES (12064, 'Excellent amenities and staff.');
INSERT INTO CommentProperty (rating_id, comment) VALUES (12065, 'Excellent amenities and staff.');
INSERT INTO CommentProperty (rating_id, comment) VALUES (12067, 'Spacious rooms but noisy at night.');
INSERT INTO CommentProperty (rating_id, comment) VALUES (12068, 'Excellent amenities and staff.');
INSERT INTO CommentProperty (rating_id, comment) VALUES (12070, 'Spacious rooms but noisy at night.');
INSERT INTO CommentProperty (rating_id, comment) VALUES (12072, 'Service was okay, could be better.');
INSERT INTO CommentProperty (rating_id, comment) VALUES (12074, 'Service was okay, could be better.');
INSERT INTO CommentProperty (rating_id, comment) VALUES (12076, 'Spacious rooms but noisy at night.');
INSERT INTO CommentProperty (rating_id, comment) VALUES (12077, 'Great location and clean facilities.');
INSERT INTO CommentProperty (rating_id, comment) VALUES (12078, 'Average experience overall.');
INSERT INTO CommentProperty (rating_id, comment) VALUES (12079, 'Spacious rooms but noisy at night.');
INSERT INTO CommentProperty (rating_id, comment) VALUES (12080, 'Average experience overall.');
INSERT INTO CommentProperty (rating_id, comment) VALUES (12082, 'Average experience overall.');
INSERT INTO CommentProperty (rating_id, comment) VALUES (12083, 'Service was okay, could be better.');
INSERT INTO CommentProperty (rating_id, comment) VALUES (12084, 'Service was okay, could be better.');
INSERT INTO CommentProperty (rating_id, comment) VALUES (12086, 'Spacious rooms but noisy at night.');
INSERT INTO CommentProperty (rating_id, comment) VALUES (12088, 'Great location and clean facilities.');
INSERT INTO CommentProperty (rating_id, comment) VALUES (12089, 'Great location and clean facilities.');
INSERT INTO CommentProperty (rating_id, comment) VALUES (12090, 'Excellent amenities and staff.');
INSERT INTO CommentProperty (rating_id, comment) VALUES (12091, 'Average experience overall.');
INSERT INTO CommentProperty (rating_id, comment) VALUES (12092, 'Spacious rooms but noisy at night.');
INSERT INTO CommentProperty (rating_id, comment) VALUES (12093, 'Excellent amenities and staff.');
INSERT INTO CommentProperty (rating_id, comment) VALUES (12095, 'Spacious rooms but noisy at night.');
INSERT INTO CommentProperty (rating_id, comment) VALUES (12096, 'Excellent amenities and staff.');
INSERT INTO CommentProperty (rating_id, comment) VALUES (12097, 'Lovely view; would book again.');
INSERT INTO CommentProperty (rating_id, comment) VALUES (12098, 'Service was okay, could be better.');
INSERT INTO CommentProperty (rating_id, comment) VALUES (12099, 'Excellent amenities and staff.');
INSERT INTO CommentProperty (rating_id, comment) VALUES (12100, 'Spacious rooms but noisy at night.');
INSERT INTO CommentProperty (rating_id, comment) VALUES (12101, 'Service was okay, could be better.');
INSERT INTO CommentProperty (rating_id, comment) VALUES (12103, 'Excellent amenities and staff.');
INSERT INTO CommentProperty (rating_id, comment) VALUES (12104, 'Service was okay, could be better.');
INSERT INTO CommentProperty (rating_id, comment) VALUES (12107, 'Excellent amenities and staff.');
INSERT INTO CommentProperty (rating_id, comment) VALUES (12108, 'Service was okay, could be better.');
INSERT INTO CommentProperty (rating_id, comment) VALUES (12109, 'Spacious rooms but noisy at night.');
INSERT INTO CommentProperty (rating_id, comment) VALUES (12110, 'Great location and clean facilities.');
INSERT INTO CommentProperty (rating_id, comment) VALUES (12111, 'Spacious rooms but noisy at night.');
INSERT INTO CommentProperty (rating_id, comment) VALUES (12113, 'Excellent amenities and staff.');
INSERT INTO CommentProperty (rating_id, comment) VALUES (12114, 'Lovely view; would book again.');
INSERT INTO CommentProperty (rating_id, comment) VALUES (12115, 'Average experience overall.');
INSERT INTO CommentProperty (rating_id, comment) VALUES (12118, 'Service was okay, could be better.');
INSERT INTO CommentProperty (rating_id, comment) VALUES (12126, 'Excellent amenities and staff.');
INSERT INTO CommentProperty (rating_id, comment) VALUES (12127, 'Lovely view; would book again.');
INSERT INTO CommentProperty (rating_id, comment) VALUES (12128, 'Average experience overall.');
INSERT INTO CommentProperty (rating_id, comment) VALUES (12132, 'Service was okay, could be better.');
INSERT INTO CommentProperty (rating_id, comment) VALUES (12133, 'Average experience overall.');
INSERT INTO CommentProperty (rating_id, comment) VALUES (12134, 'Average experience overall.');
INSERT INTO CommentProperty (rating_id, comment) VALUES (12135, 'Great location and clean facilities.');
INSERT INTO CommentProperty (rating_id, comment) VALUES (12137, 'Excellent amenities and staff.');
INSERT INTO CommentProperty (rating_id, comment) VALUES (12138, 'Spacious rooms but noisy at night.');
INSERT INTO CommentProperty (rating_id, comment) VALUES (12139, 'Spacious rooms but noisy at night.');
INSERT INTO CommentProperty (rating_id, comment) VALUES (12142, 'Average experience overall.');
INSERT INTO CommentProperty (rating_id, comment) VALUES (12143, 'Spacious rooms but noisy at night.');
INSERT INTO CommentProperty (rating_id, comment) VALUES (12144, 'Lovely view; would book again.');
INSERT INTO CommentProperty (rating_id, comment) VALUES (12145, 'Spacious rooms but noisy at night.');
INSERT INTO CommentProperty (rating_id, comment) VALUES (12146, 'Great location and clean facilities.');
INSERT INTO CommentProperty (rating_id, comment) VALUES (12147, 'Great location and clean facilities.');
INSERT INTO CommentProperty (rating_id, comment) VALUES (12150, 'Great location and clean facilities.');
INSERT INTO CommentProperty (rating_id, comment) VALUES (12151, 'Average experience overall.');
INSERT INTO CommentProperty (rating_id, comment) VALUES (12153, 'Great location and clean facilities.');
INSERT INTO CommentProperty (rating_id, comment) VALUES (12154, 'Great location and clean facilities.');
INSERT INTO CommentProperty (rating_id, comment) VALUES (12155, 'Average experience overall.');
INSERT INTO CommentProperty (rating_id, comment) VALUES (12158, 'Excellent amenities and staff.');
INSERT INTO CommentProperty (rating_id, comment) VALUES (12160, 'Average experience overall.');
INSERT INTO CommentProperty (rating_id, comment) VALUES (12161, 'Lovely view; would book again.');
INSERT INTO CommentProperty (rating_id, comment) VALUES (12162, 'Service was okay, could be better.');
INSERT INTO CommentProperty (rating_id, comment) VALUES (12163, 'Spacious rooms but noisy at night.');
INSERT INTO CommentProperty (rating_id, comment) VALUES (12164, 'Excellent amenities and staff.');
INSERT INTO CommentProperty (rating_id, comment) VALUES (12165, 'Lovely view; would book again.');
INSERT INTO CommentProperty (rating_id, comment) VALUES (12166, 'Average experience overall.');
INSERT INTO CommentProperty (rating_id, comment) VALUES (12167, 'Service was okay, could be better.');
INSERT INTO CommentProperty (rating_id, comment) VALUES (12169, 'Average experience overall.');
INSERT INTO CommentProperty (rating_id, comment) VALUES (12170, 'Spacious rooms but noisy at night.');
INSERT INTO CommentProperty (rating_id, comment) VALUES (12172, 'Service was okay, could be better.');
INSERT INTO CommentProperty (rating_id, comment) VALUES (12173, 'Service was okay, could be better.');
INSERT INTO CommentProperty (rating_id, comment) VALUES (12174, 'Excellent amenities and staff.');
INSERT INTO CommentProperty (rating_id, comment) VALUES (12175, 'Great location and clean facilities.');
INSERT INTO CommentProperty (rating_id, comment) VALUES (12176, 'Great location and clean facilities.');
INSERT INTO CommentProperty (rating_id, comment) VALUES (12178, 'Average experience overall.');
INSERT INTO CommentProperty (rating_id, comment) VALUES (12179, 'Spacious rooms but noisy at night.');
INSERT INTO CommentProperty (rating_id, comment) VALUES (12180, 'Average experience overall.');
INSERT INTO CommentProperty (rating_id, comment) VALUES (12182, 'Average experience overall.');
INSERT INTO CommentProperty (rating_id, comment) VALUES (12183, 'Great location and clean facilities.');
INSERT INTO CommentProperty (rating_id, comment) VALUES (12185, 'Lovely view; would book again.');
INSERT INTO CommentProperty (rating_id, comment) VALUES (12186, 'Service was okay, could be better.');
INSERT INTO CommentProperty (rating_id, comment) VALUES (12187, 'Average experience overall.');
INSERT INTO CommentProperty (rating_id, comment) VALUES (12189, 'Service was okay, could be better.');
INSERT INTO CommentProperty (rating_id, comment) VALUES (12192, 'Spacious rooms but noisy at night.');
INSERT INTO CommentProperty (rating_id, comment) VALUES (12193, 'Average experience overall.');
INSERT INTO CommentProperty (rating_id, comment) VALUES (12194, 'Service was okay, could be better.');
INSERT INTO CommentProperty (rating_id, comment) VALUES (12196, 'Excellent amenities and staff.');
INSERT INTO CommentProperty (rating_id, comment) VALUES (12197, 'Spacious rooms but noisy at night.');
INSERT INTO CommentProperty (rating_id, comment) VALUES (12198, 'Excellent amenities and staff.');
INSERT INTO CommentProperty (rating_id, comment) VALUES (12199, 'Average experience overall.');
INSERT INTO CommentProperty (rating_id, comment) VALUES (12200, 'Lovely view; would book again.');
INSERT INTO CommentProperty (rating_id, comment) VALUES (12201, 'Great location and clean facilities.');
INSERT INTO CommentProperty (rating_id, comment) VALUES (12203, 'Great location and clean facilities.');
INSERT INTO CommentProperty (rating_id, comment) VALUES (12204, 'Lovely view; would book again.');
INSERT INTO CommentProperty (rating_id, comment) VALUES (12205, 'Spacious rooms but noisy at night.');
INSERT INTO CommentProperty (rating_id, comment) VALUES (12209, 'Average experience overall.');
INSERT INTO CommentProperty (rating_id, comment) VALUES (12210, 'Spacious rooms but noisy at night.');
INSERT INTO CommentProperty (rating_id, comment) VALUES (12212, 'Great location and clean facilities.');
INSERT INTO CommentProperty (rating_id, comment) VALUES (12213, 'Spacious rooms but noisy at night.');
INSERT INTO CommentProperty (rating_id, comment) VALUES (12214, 'Service was okay, could be better.');
INSERT INTO CommentProperty (rating_id, comment) VALUES (12216, 'Lovely view; would book again.');
INSERT INTO CommentProperty (rating_id, comment) VALUES (12217, 'Lovely view; would book again.');
INSERT INTO CommentProperty (rating_id, comment) VALUES (12218, 'Excellent amenities and staff.');
INSERT INTO CommentProperty (rating_id, comment) VALUES (12219, 'Average experience overall.');
INSERT INTO CommentProperty (rating_id, comment) VALUES (12221, 'Lovely view; would book again.');
INSERT INTO CommentProperty (rating_id, comment) VALUES (12228, 'Average experience overall.');
INSERT INTO CommentProperty (rating_id, comment) VALUES (12229, 'Service was okay, could be better.');
INSERT INTO CommentProperty (rating_id, comment) VALUES (12231, 'Excellent amenities and staff.');
INSERT INTO CommentProperty (rating_id, comment) VALUES (12232, 'Great location and clean facilities.');
INSERT INTO CommentProperty (rating_id, comment) VALUES (12234, 'Average experience overall.');
INSERT INTO CommentProperty (rating_id, comment) VALUES (12235, 'Great location and clean facilities.');
INSERT INTO CommentProperty (rating_id, comment) VALUES (12237, 'Average experience overall.');
INSERT INTO CommentProperty (rating_id, comment) VALUES (12238, 'Excellent amenities and staff.');
INSERT INTO CommentProperty (rating_id, comment) VALUES (12239, 'Average experience overall.');
INSERT INTO CommentProperty (rating_id, comment) VALUES (12241, 'Average experience overall.');
INSERT INTO CommentProperty (rating_id, comment) VALUES (12242, 'Average experience overall.');
INSERT INTO CommentProperty (rating_id, comment) VALUES (12243, 'Spacious rooms but noisy at night.');
INSERT INTO CommentProperty (rating_id, comment) VALUES (12244, 'Average experience overall.');
INSERT INTO CommentProperty (rating_id, comment) VALUES (12245, 'Excellent amenities and staff.');
INSERT INTO CommentProperty (rating_id, comment) VALUES (12246, 'Spacious rooms but noisy at night.');
INSERT INTO CommentProperty (rating_id, comment) VALUES (12247, 'Lovely view; would book again.');
INSERT INTO CommentProperty (rating_id, comment) VALUES (12248, 'Excellent amenities and staff.');
INSERT INTO CommentProperty (rating_id, comment) VALUES (12249, 'Spacious rooms but noisy at night.');
INSERT INTO CommentProperty (rating_id, comment) VALUES (12250, 'Service was okay, could be better.');
INSERT INTO CommentProperty (rating_id, comment) VALUES (12251, 'Spacious rooms but noisy at night.');
INSERT INTO CommentProperty (rating_id, comment) VALUES (12252, 'Excellent amenities and staff.');
INSERT INTO CommentProperty (rating_id, comment) VALUES (12253, 'Average experience overall.');
INSERT INTO CommentProperty (rating_id, comment) VALUES (12254, 'Great location and clean facilities.');
INSERT INTO CommentProperty (rating_id, comment) VALUES (12255, 'Service was okay, could be better.');
INSERT INTO CommentProperty (rating_id, comment) VALUES (12256, 'Service was okay, could be better.');
INSERT INTO CommentProperty (rating_id, comment) VALUES (12257, 'Great location and clean facilities.');
INSERT INTO CommentProperty (rating_id, comment) VALUES (12259, 'Excellent amenities and staff.');
INSERT INTO CommentProperty (rating_id, comment) VALUES (12260, 'Excellent amenities and staff.');
INSERT INTO CommentProperty (rating_id, comment) VALUES (12261, 'Service was okay, could be better.');
INSERT INTO CommentProperty (rating_id, comment) VALUES (12262, 'Great location and clean facilities.');
INSERT INTO CommentProperty (rating_id, comment) VALUES (12263, 'Lovely view; would book again.');
INSERT INTO CommentProperty (rating_id, comment) VALUES (12264, 'Service was okay, could be better.');
INSERT INTO CommentProperty (rating_id, comment) VALUES (12268, 'Service was okay, could be better.');
INSERT INTO CommentProperty (rating_id, comment) VALUES (12269, 'Great location and clean facilities.');
INSERT INTO CommentProperty (rating_id, comment) VALUES (12270, 'Service was okay, could be better.');
INSERT INTO CommentProperty (rating_id, comment) VALUES (12272, 'Average experience overall.');
INSERT INTO CommentProperty (rating_id, comment) VALUES (12273, 'Service was okay, could be better.');
INSERT INTO CommentProperty (rating_id, comment) VALUES (12274, 'Great location and clean facilities.');
INSERT INTO CommentProperty (rating_id, comment) VALUES (12275, 'Excellent amenities and staff.');
INSERT INTO CommentProperty (rating_id, comment) VALUES (12276, 'Lovely view; would book again.');
INSERT INTO CommentProperty (rating_id, comment) VALUES (12278, 'Excellent amenities and staff.');
INSERT INTO CommentProperty (rating_id, comment) VALUES (12283, 'Lovely view; would book again.');
INSERT INTO CommentProperty (rating_id, comment) VALUES (12284, 'Spacious rooms but noisy at night.');
INSERT INTO CommentProperty (rating_id, comment) VALUES (12285, 'Lovely view; would book again.');
INSERT INTO CommentProperty (rating_id, comment) VALUES (12286, 'Average experience overall.');
INSERT INTO CommentProperty (rating_id, comment) VALUES (12287, 'Spacious rooms but noisy at night.');
INSERT INTO CommentProperty (rating_id, comment) VALUES (12288, 'Great location and clean facilities.');
INSERT INTO CommentProperty (rating_id, comment) VALUES (12289, 'Excellent amenities and staff.');
INSERT INTO CommentProperty (rating_id, comment) VALUES (12290, 'Spacious rooms but noisy at night.');
INSERT INTO CommentProperty (rating_id, comment) VALUES (12292, 'Service was okay, could be better.');
INSERT INTO CommentProperty (rating_id, comment) VALUES (12294, 'Lovely view; would book again.');
INSERT INTO CommentProperty (rating_id, comment) VALUES (12295, 'Service was okay, could be better.');
INSERT INTO CommentProperty (rating_id, comment) VALUES (12296, 'Average experience overall.');
INSERT INTO CommentProperty (rating_id, comment) VALUES (12298, 'Average experience overall.');
INSERT INTO CommentProperty (rating_id, comment) VALUES (12299, 'Excellent amenities and staff.');
INSERT INTO CommentProperty (rating_id, comment) VALUES (12300, 'Excellent amenities and staff.');
INSERT INTO CommentProperty (rating_id, comment) VALUES (12301, 'Spacious rooms but noisy at night.');
INSERT INTO CommentProperty (rating_id, comment) VALUES (12303, 'Average experience overall.');
INSERT INTO CommentProperty (rating_id, comment) VALUES (12306, 'Lovely view; would book again.');
INSERT INTO CommentProperty (rating_id, comment) VALUES (12307, 'Service was okay, could be better.');
INSERT INTO CommentProperty (rating_id, comment) VALUES (12308, 'Great location and clean facilities.');
INSERT INTO CommentProperty (rating_id, comment) VALUES (12309, 'Spacious rooms but noisy at night.');
INSERT INTO CommentProperty (rating_id, comment) VALUES (12310, 'Lovely view; would book again.');
INSERT INTO CommentProperty (rating_id, comment) VALUES (12311, 'Spacious rooms but noisy at night.');
INSERT INTO CommentProperty (rating_id, comment) VALUES (12313, 'Excellent amenities and staff.');
INSERT INTO CommentProperty (rating_id, comment) VALUES (12314, 'Service was okay, could be better.');
INSERT INTO CommentProperty (rating_id, comment) VALUES (12315, 'Excellent amenities and staff.');
INSERT INTO CommentProperty (rating_id, comment) VALUES (12316, 'Service was okay, could be better.');
INSERT INTO CommentProperty (rating_id, comment) VALUES (12317, 'Average experience overall.');
INSERT INTO CommentProperty (rating_id, comment) VALUES (12318, 'Excellent amenities and staff.');
INSERT INTO CommentProperty (rating_id, comment) VALUES (12319, 'Lovely view; would book again.');
INSERT INTO CommentProperty (rating_id, comment) VALUES (12322, 'Great location and clean facilities.');
INSERT INTO CommentProperty (rating_id, comment) VALUES (12323, 'Service was okay, could be better.');
INSERT INTO CommentProperty (rating_id, comment) VALUES (12324, 'Excellent amenities and staff.');
INSERT INTO CommentProperty (rating_id, comment) VALUES (12326, 'Excellent amenities and staff.');
INSERT INTO CommentProperty (rating_id, comment) VALUES (12327, 'Lovely view; would book again.');
INSERT INTO CommentProperty (rating_id, comment) VALUES (12328, 'Spacious rooms but noisy at night.');
INSERT INTO CommentProperty (rating_id, comment) VALUES (12331, 'Average experience overall.');
INSERT INTO CommentProperty (rating_id, comment) VALUES (12332, 'Service was okay, could be better.');
INSERT INTO CommentProperty (rating_id, comment) VALUES (12334, 'Spacious rooms but noisy at night.');
INSERT INTO CommentProperty (rating_id, comment) VALUES (12335, 'Excellent amenities and staff.');
INSERT INTO CommentProperty (rating_id, comment) VALUES (12336, 'Service was okay, could be better.');
INSERT INTO CommentProperty (rating_id, comment) VALUES (12343, 'Great location and clean facilities.');
INSERT INTO CommentProperty (rating_id, comment) VALUES (12345, 'Excellent amenities and staff.');
INSERT INTO CommentProperty (rating_id, comment) VALUES (12346, 'Great location and clean facilities.');
INSERT INTO CommentProperty (rating_id, comment) VALUES (12347, 'Excellent amenities and staff.');
INSERT INTO CommentProperty (rating_id, comment) VALUES (12348, 'Excellent amenities and staff.');
INSERT INTO CommentProperty (rating_id, comment) VALUES (12349, 'Average experience overall.');
INSERT INTO CommentProperty (rating_id, comment) VALUES (12351, 'Lovely view; would book again.');
INSERT INTO CommentProperty (rating_id, comment) VALUES (12353, 'Excellent amenities and staff.');
INSERT INTO CommentProperty (rating_id, comment) VALUES (12356, 'Lovely view; would book again.');
INSERT INTO CommentProperty (rating_id, comment) VALUES (12357, 'Average experience overall.');
INSERT INTO CommentProperty (rating_id, comment) VALUES (12358, 'Great location and clean facilities.');
INSERT INTO CommentProperty (rating_id, comment) VALUES (12359, 'Lovely view; would book again.');
INSERT INTO CommentProperty (rating_id, comment) VALUES (12360, 'Excellent amenities and staff.');
INSERT INTO CommentProperty (rating_id, comment) VALUES (12362, 'Excellent amenities and staff.');
INSERT INTO CommentProperty (rating_id, comment) VALUES (12365, 'Lovely view; would book again.');
INSERT INTO CommentProperty (rating_id, comment) VALUES (12366, 'Average experience overall.');
INSERT INTO CommentProperty (rating_id, comment) VALUES (12367, 'Great location and clean facilities.');
INSERT INTO CommentProperty (rating_id, comment) VALUES (12369, 'Great location and clean facilities.');
INSERT INTO CommentProperty (rating_id, comment) VALUES (12370, 'Average experience overall.');
INSERT INTO CommentProperty (rating_id, comment) VALUES (12371, 'Spacious rooms but noisy at night.');
INSERT INTO CommentProperty (rating_id, comment) VALUES (12372, 'Excellent amenities and staff.');
INSERT INTO CommentProperty (rating_id, comment) VALUES (12373, 'Great location and clean facilities.');
INSERT INTO CommentProperty (rating_id, comment) VALUES (12374, 'Great location and clean facilities.');
INSERT INTO CommentProperty (rating_id, comment) VALUES (12378, 'Lovely view; would book again.');
INSERT INTO CommentProperty (rating_id, comment) VALUES (12379, 'Great location and clean facilities.');
INSERT INTO CommentProperty (rating_id, comment) VALUES (12382, 'Spacious rooms but noisy at night.');
INSERT INTO CommentProperty (rating_id, comment) VALUES (12384, 'Spacious rooms but noisy at night.');
INSERT INTO CommentProperty (rating_id, comment) VALUES (12385, 'Great location and clean facilities.');
INSERT INTO CommentProperty (rating_id, comment) VALUES (12386, 'Service was okay, could be better.');
INSERT INTO CommentProperty (rating_id, comment) VALUES (12387, 'Great location and clean facilities.');
INSERT INTO CommentProperty (rating_id, comment) VALUES (12388, 'Average experience overall.');
INSERT INTO CommentProperty (rating_id, comment) VALUES (12389, 'Lovely view; would book again.');
INSERT INTO CommentProperty (rating_id, comment) VALUES (12390, 'Great location and clean facilities.');
INSERT INTO CommentProperty (rating_id, comment) VALUES (12393, 'Lovely view; would book again.');
INSERT INTO CommentProperty (rating_id, comment) VALUES (12395, 'Service was okay, could be better.');
INSERT INTO CommentProperty (rating_id, comment) VALUES (12396, 'Lovely view; would book again.');
INSERT INTO CommentProperty (rating_id, comment) VALUES (12398, 'Spacious rooms but noisy at night.');
INSERT INTO CommentProperty (rating_id, comment) VALUES (12400, 'Service was okay, could be better.');
INSERT INTO CommentProperty (rating_id, comment) VALUES (12401, 'Spacious rooms but noisy at night.');
INSERT INTO CommentProperty (rating_id, comment) VALUES (12407, 'Lovely view; would book again.');
INSERT INTO CommentProperty (rating_id, comment) VALUES (12408, 'Spacious rooms but noisy at night.');
INSERT INTO CommentProperty (rating_id, comment) VALUES (12409, 'Great location and clean facilities.');
INSERT INTO CommentProperty (rating_id, comment) VALUES (12410, 'Average experience overall.');
INSERT INTO CommentProperty (rating_id, comment) VALUES (12412, 'Average experience overall.');
INSERT INTO CommentProperty (rating_id, comment) VALUES (12414, 'Excellent amenities and staff.');
INSERT INTO CommentProperty (rating_id, comment) VALUES (12415, 'Average experience overall.');
INSERT INTO CommentProperty (rating_id, comment) VALUES (12416, 'Lovely view; would book again.');
INSERT INTO CommentProperty (rating_id, comment) VALUES (12417, 'Average experience overall.');
INSERT INTO CommentProperty (rating_id, comment) VALUES (12418, 'Average experience overall.');
INSERT INTO CommentProperty (rating_id, comment) VALUES (12419, 'Excellent amenities and staff.');
INSERT INTO CommentProperty (rating_id, comment) VALUES (12421, 'Lovely view; would book again.');
INSERT INTO CommentProperty (rating_id, comment) VALUES (12422, 'Excellent amenities and staff.');
INSERT INTO CommentProperty (rating_id, comment) VALUES (12423, 'Spacious rooms but noisy at night.');
INSERT INTO CommentProperty (rating_id, comment) VALUES (12424, 'Average experience overall.');
INSERT INTO CommentProperty (rating_id, comment) VALUES (12426, 'Lovely view; would book again.');
INSERT INTO CommentProperty (rating_id, comment) VALUES (12427, 'Average experience overall.');
INSERT INTO CommentProperty (rating_id, comment) VALUES (12428, 'Average experience overall.');
INSERT INTO CommentProperty (rating_id, comment) VALUES (12429, 'Service was okay, could be better.');
INSERT INTO CommentProperty (rating_id, comment) VALUES (12430, 'Average experience overall.');
INSERT INTO CommentProperty (rating_id, comment) VALUES (12431, 'Average experience overall.');
INSERT INTO CommentProperty (rating_id, comment) VALUES (12432, 'Great location and clean facilities.');
INSERT INTO CommentProperty (rating_id, comment) VALUES (12433, 'Average experience overall.');
INSERT INTO CommentProperty (rating_id, comment) VALUES (12435, 'Excellent amenities and staff.');
INSERT INTO CommentProperty (rating_id, comment) VALUES (12436, 'Average experience overall.');
INSERT INTO CommentProperty (rating_id, comment) VALUES (12437, 'Spacious rooms but noisy at night.');
INSERT INTO CommentProperty (rating_id, comment) VALUES (12438, 'Spacious rooms but noisy at night.');
INSERT INTO CommentProperty (rating_id, comment) VALUES (12439, 'Average experience overall.');
INSERT INTO CommentProperty (rating_id, comment) VALUES (12440, 'Average experience overall.');
INSERT INTO CommentProperty (rating_id, comment) VALUES (12442, 'Excellent amenities and staff.');
INSERT INTO CommentProperty (rating_id, comment) VALUES (12444, 'Service was okay, could be better.');
INSERT INTO CommentProperty (rating_id, comment) VALUES (12445, 'Lovely view; would book again.');
INSERT INTO CommentProperty (rating_id, comment) VALUES (12446, 'Spacious rooms but noisy at night.');
INSERT INTO CommentProperty (rating_id, comment) VALUES (12447, 'Excellent amenities and staff.');
INSERT INTO CommentProperty (rating_id, comment) VALUES (12448, 'Excellent amenities and staff.');
INSERT INTO CommentProperty (rating_id, comment) VALUES (12449, 'Average experience overall.');
INSERT INTO CommentProperty (rating_id, comment) VALUES (12451, 'Average experience overall.');
INSERT INTO CommentProperty (rating_id, comment) VALUES (12452, 'Average experience overall.');
INSERT INTO CommentProperty (rating_id, comment) VALUES (12455, 'Service was okay, could be better.');
INSERT INTO CommentProperty (rating_id, comment) VALUES (12457, 'Lovely view; would book again.');
INSERT INTO CommentProperty (rating_id, comment) VALUES (12458, 'Average experience overall.');
INSERT INTO CommentProperty (rating_id, comment) VALUES (12460, 'Spacious rooms but noisy at night.');
INSERT INTO CommentProperty (rating_id, comment) VALUES (12462, 'Average experience overall.');
INSERT INTO CommentProperty (rating_id, comment) VALUES (12465, 'Average experience overall.');
INSERT INTO CommentProperty (rating_id, comment) VALUES (12468, 'Service was okay, could be better.');
INSERT INTO CommentProperty (rating_id, comment) VALUES (12469, 'Great location and clean facilities.');
INSERT INTO CommentProperty (rating_id, comment) VALUES (12471, 'Average experience overall.');
INSERT INTO CommentProperty (rating_id, comment) VALUES (12472, 'Excellent amenities and staff.');
INSERT INTO CommentProperty (rating_id, comment) VALUES (12473, 'Excellent amenities and staff.');
INSERT INTO CommentProperty (rating_id, comment) VALUES (12474, 'Service was okay, could be better.');
INSERT INTO CommentProperty (rating_id, comment) VALUES (12475, 'Excellent amenities and staff.');
INSERT INTO CommentProperty (rating_id, comment) VALUES (12476, 'Excellent amenities and staff.');
INSERT INTO CommentProperty (rating_id, comment) VALUES (12477, 'Average experience overall.');
INSERT INTO CommentProperty (rating_id, comment) VALUES (12478, 'Service was okay, could be better.');
INSERT INTO CommentProperty (rating_id, comment) VALUES (12479, 'Spacious rooms but noisy at night.');
INSERT INTO CommentProperty (rating_id, comment) VALUES (12481, 'Excellent amenities and staff.');
INSERT INTO CommentProperty (rating_id, comment) VALUES (12483, 'Lovely view; would book again.');
INSERT INTO CommentProperty (rating_id, comment) VALUES (12484, 'Service was okay, could be better.');
INSERT INTO CommentProperty (rating_id, comment) VALUES (12485, 'Excellent amenities and staff.');
INSERT INTO CommentProperty (rating_id, comment) VALUES (12486, 'Great location and clean facilities.');
INSERT INTO CommentProperty (rating_id, comment) VALUES (12487, 'Spacious rooms but noisy at night.');
INSERT INTO CommentProperty (rating_id, comment) VALUES (12489, 'Lovely view; would book again.');
INSERT INTO CommentProperty (rating_id, comment) VALUES (12491, 'Lovely view; would book again.');
INSERT INTO CommentProperty (rating_id, comment) VALUES (12496, 'Spacious rooms but noisy at night.');
INSERT INTO CommentProperty (rating_id, comment) VALUES (12497, 'Average experience overall.');
INSERT INTO CommentProperty (rating_id, comment) VALUES (12498, 'Lovely view; would book again.');
INSERT INTO CommentProperty (rating_id, comment) VALUES (12499, 'Great location and clean facilities.');
INSERT INTO CommentProperty (rating_id, comment) VALUES (12501, 'Great location and clean facilities.');
INSERT INTO CommentProperty (rating_id, comment) VALUES (12502, 'Spacious rooms but noisy at night.');
INSERT INTO CommentProperty (rating_id, comment) VALUES (12504, 'Lovely view; would book again.');
INSERT INTO CommentProperty (rating_id, comment) VALUES (12505, 'Average experience overall.');
INSERT INTO CommentProperty (rating_id, comment) VALUES (12506, 'Great location and clean facilities.');
INSERT INTO CommentProperty (rating_id, comment) VALUES (12508, 'Average experience overall.');
INSERT INTO CommentProperty (rating_id, comment) VALUES (12510, 'Lovely view; would book again.');
INSERT INTO CommentProperty (rating_id, comment) VALUES (12511, 'Spacious rooms but noisy at night.');
INSERT INTO CommentProperty (rating_id, comment) VALUES (12513, 'Spacious rooms but noisy at night.');
INSERT INTO CommentProperty (rating_id, comment) VALUES (12514, 'Great location and clean facilities.');
INSERT INTO CommentProperty (rating_id, comment) VALUES (12516, 'Lovely view; would book again.');
INSERT INTO CommentProperty (rating_id, comment) VALUES (12517, 'Spacious rooms but noisy at night.');
INSERT INTO CommentProperty (rating_id, comment) VALUES (12519, 'Great location and clean facilities.');
INSERT INTO CommentProperty (rating_id, comment) VALUES (12520, 'Excellent amenities and staff.');
INSERT INTO CommentProperty (rating_id, comment) VALUES (12521, 'Average experience overall.');
INSERT INTO CommentProperty (rating_id, comment) VALUES (12523, 'Great location and clean facilities.');